timeStamp,elapsed,label,responseCode,responseMessage,threadName,dataType,success,failureMessage,bytes,sentBytes,grpThreads,allThreads,URL,Latency,SampleCount,ErrorCount,IdleTime,Connect
1684719179243,17,Login usuario que no existe,200,OK,CP002b 1-1,text,true,,6645,755,4,4,http://localhost:8080/twitter-clone/index.php,13,1,0,0,1
1684719179243,13,Login usuario que no existe-0,302,Found,CP002b 1-1,text,true,,447,613,4,4,http://localhost:8080/twitter-clone/handle/handlelogin.php,13,1,0,0,1
1684719179256,4,Login usuario que no existe-1,200,OK,CP002b 1-1,text,true,,6198,142,4,4,http://localhost:8080/twitter-clone/index.php,4,1,0,0,0
1684719179247,16,Login usuario que no existe,200,OK,CP002b 1-2,text,true,,6645,735,4,4,http://localhost:8080/twitter-clone/index.php,11,1,0,0,2
1684719179247,11,Login usuario que no existe-0,302,Found,CP002b 1-2,text,true,,447,593,4,4,http://localhost:8080/twitter-clone/handle/handlelogin.php,11,1,0,0,2
1684719179258,5,Login usuario que no existe-1,200,OK,CP002b 1-2,text,true,,6198,142,4,4,http://localhost:8080/twitter-clone/index.php,5,1,0,0,0
1684719179252,16,Login usuario que no existe,200,OK,CP002b 1-3,text,true,,6645,740,4,4,http://localhost:8080/twitter-clone/index.php,10,1,0,0,1
1684719179252,10,Login usuario que no existe-0,302,Found,CP002b 1-3,text,true,,447,598,4,4,http://localhost:8080/twitter-clone/handle/handlelogin.php,10,1,0,0,1
1684719179262,6,Login usuario que no existe-1,200,OK,CP002b 1-3,text,true,,6198,142,4,4,http://localhost:8080/twitter-clone/index.php,6,1,0,0,0
1684719179257,16,Login usuario que no existe,200,OK,CP002b 1-4,text,true,,6645,735,4,4,http://localhost:8080/twitter-clone/index.php,11,1,0,0,1
1684719179257,11,Login usuario que no existe-0,302,Found,CP002b 1-4,text,true,,447,593,4,4,http://localhost:8080/twitter-clone/handle/handlelogin.php,11,1,0,0,1
1684719179268,5,Login usuario que no existe-1,200,OK,CP002b 1-4,text,true,,6198,142,4,4,http://localhost:8080/twitter-clone/index.php,5,1,0,0,0
1684719179262,20,Login usuario que no existe,200,OK,CP002b 1-5,text,true,,6645,735,5,5,http://localhost:8080/twitter-clone/index.php,15,1,0,0,7
1684719179262,15,Login usuario que no existe-0,302,Found,CP002b 1-5,text,true,,447,593,5,5,http://localhost:8080/twitter-clone/handle/handlelogin.php,15,1,0,0,7
1684719179277,5,Login usuario que no existe-1,200,OK,CP002b 1-5,text,true,,6198,142,5,5,http://localhost:8080/twitter-clone/index.php,5,1,0,0,0
1684719179269,14,Login usuario que no existe,200,OK,CP002b 1-6,text,true,,6645,775,4,4,http://localhost:8080/twitter-clone/index.php,9,1,0,0,0
1684719179269,9,Login usuario que no existe-0,302,Found,CP002b 1-6,text,true,,447,633,4,4,http://localhost:8080/twitter-clone/handle/handlelogin.php,9,1,0,0,0
1684719179278,5,Login usuario que no existe-1,200,OK,CP002b 1-6,text,true,,6198,142,4,4,http://localhost:8080/twitter-clone/index.php,5,1,0,0,0
1684719179270,14,Login usuario que no existe,200,OK,CP002b 1-7,text,true,,6645,770,3,3,http://localhost:8080/twitter-clone/index.php,9,1,0,0,1
1684719179270,9,Login usuario que no existe-0,302,Found,CP002b 1-7,text,true,,447,628,3,3,http://localhost:8080/twitter-clone/handle/handlelogin.php,9,1,0,0,1
1684719179279,5,Login usuario que no existe-1,200,OK,CP002b 1-7,text,true,,6198,142,3,3,http://localhost:8080/twitter-clone/index.php,5,1,0,0,0
1684719179275,13,Login usuario que no existe,200,OK,CP002b 1-8,text,true,,6645,735,3,3,http://localhost:8080/twitter-clone/index.php,9,1,0,0,1
1684719179275,9,Login usuario que no existe-0,302,Found,CP002b 1-8,text,true,,447,593,3,3,http://localhost:8080/twitter-clone/handle/handlelogin.php,9,1,0,0,1
1684719179284,4,Login usuario que no existe-1,200,OK,CP002b 1-8,text,true,,6198,142,3,3,http://localhost:8080/twitter-clone/index.php,4,1,0,0,0
1684719179280,13,Login usuario que no existe,200,OK,CP002b 1-9,text,true,,6645,755,3,3,http://localhost:8080/twitter-clone/index.php,9,1,0,0,2
1684719179280,9,Login usuario que no existe-0,302,Found,CP002b 1-9,text,true,,447,613,3,3,http://localhost:8080/twitter-clone/handle/handlelogin.php,9,1,0,0,2
1684719179289,4,Login usuario que no existe-1,200,OK,CP002b 1-9,text,true,,6198,142,3,3,http://localhost:8080/twitter-clone/index.php,4,1,0,0,0
1684719179285,13,Login usuario que no existe,200,OK,CP002b 1-10,text,true,,6645,740,3,3,http://localhost:8080/twitter-clone/index.php,8,1,0,0,1
1684719179285,8,Login usuario que no existe-0,302,Found,CP002b 1-10,text,true,,447,598,3,3,http://localhost:8080/twitter-clone/handle/handlelogin.php,8,1,0,0,1
1684719179293,5,Login usuario que no existe-1,200,OK,CP002b 1-10,text,true,,6198,142,3,3,http://localhost:8080/twitter-clone/index.php,5,1,0,0,0
1684719179290,13,Login usuario que no existe,200,OK,CP002b 1-11,text,true,,6645,780,3,3,http://localhost:8080/twitter-clone/index.php,10,1,0,0,1
1684719179290,10,Login usuario que no existe-0,302,Found,CP002b 1-11,text,true,,447,638,3,3,http://localhost:8080/twitter-clone/handle/handlelogin.php,10,1,0,0,1
1684719179300,3,Login usuario que no existe-1,200,OK,CP002b 1-11,text,true,,6198,142,3,3,http://localhost:8080/twitter-clone/index.php,3,1,0,0,0
1684719179295,13,Login usuario que no existe,200,OK,CP002b 1-12,text,true,,6645,735,3,3,http://localhost:8080/twitter-clone/index.php,9,1,0,0,1
1684719179295,9,Login usuario que no existe-0,302,Found,CP002b 1-12,text,true,,447,593,3,3,http://localhost:8080/twitter-clone/handle/handlelogin.php,9,1,0,0,1
1684719179304,4,Login usuario que no existe-1,200,OK,CP002b 1-12,text,true,,6198,142,3,3,http://localhost:8080/twitter-clone/index.php,4,1,0,0,0
1684719179302,13,Login usuario que no existe,200,OK,CP002b 1-13,text,true,,6645,775,3,3,http://localhost:8080/twitter-clone/index.php,9,1,0,0,1
1684719179302,9,Login usuario que no existe-0,302,Found,CP002b 1-13,text,true,,447,633,3,3,http://localhost:8080/twitter-clone/handle/handlelogin.php,9,1,0,0,1
1684719179311,4,Login usuario que no existe-1,200,OK,CP002b 1-13,text,true,,6198,142,3,3,http://localhost:8080/twitter-clone/index.php,4,1,0,0,0
1684719179308,13,Login usuario que no existe,200,OK,CP002b 1-14,text,true,,6645,775,3,3,http://localhost:8080/twitter-clone/index.php,9,1,0,0,1
1684719179308,9,Login usuario que no existe-0,302,Found,CP002b 1-14,text,true,,447,633,3,3,http://localhost:8080/twitter-clone/handle/handlelogin.php,9,1,0,0,1
1684719179317,4,Login usuario que no existe-1,200,OK,CP002b 1-14,text,true,,6198,142,3,3,http://localhost:8080/twitter-clone/index.php,4,1,0,0,0
1684719179312,12,Login usuario que no existe,200,OK,CP002b 1-15,text,true,,6645,730,3,3,http://localhost:8080/twitter-clone/index.php,9,1,0,0,1
1684719179312,9,Login usuario que no existe-0,302,Found,CP002b 1-15,text,true,,447,588,3,3,http://localhost:8080/twitter-clone/handle/handlelogin.php,9,1,0,0,1
1684719179321,3,Login usuario que no existe-1,200,OK,CP002b 1-15,text,true,,6198,142,3,3,http://localhost:8080/twitter-clone/index.php,3,1,0,0,0
1684719179317,11,Login usuario que no existe,200,OK,CP002b 1-16,text,true,,6645,780,3,3,http://localhost:8080/twitter-clone/index.php,8,1,0,0,1
1684719179317,8,Login usuario que no existe-0,302,Found,CP002b 1-16,text,true,,447,638,3,3,http://localhost:8080/twitter-clone/handle/handlelogin.php,8,1,0,0,1
1684719179325,3,Login usuario que no existe-1,200,OK,CP002b 1-16,text,true,,6198,142,3,3,http://localhost:8080/twitter-clone/index.php,3,1,0,0,0
1684719179322,12,Login usuario que no existe,200,OK,CP002b 1-17,text,true,,6645,770,3,3,http://localhost:8080/twitter-clone/index.php,7,1,0,0,1
1684719179322,7,Login usuario que no existe-0,302,Found,CP002b 1-17,text,true,,447,628,3,3,http://localhost:8080/twitter-clone/handle/handlelogin.php,7,1,0,0,1
1684719179329,5,Login usuario que no existe-1,200,OK,CP002b 1-17,text,true,,6198,142,3,3,http://localhost:8080/twitter-clone/index.php,5,1,0,0,0
1684719179328,12,Login usuario que no existe,200,OK,CP002b 1-18,text,true,,6645,770,3,3,http://localhost:8080/twitter-clone/index.php,8,1,0,0,1
1684719179328,8,Login usuario que no existe-0,302,Found,CP002b 1-18,text,true,,447,628,3,3,http://localhost:8080/twitter-clone/handle/handlelogin.php,8,1,0,0,1
1684719179336,4,Login usuario que no existe-1,200,OK,CP002b 1-18,text,true,,6198,142,3,3,http://localhost:8080/twitter-clone/index.php,4,1,0,0,0
1684719179332,10,Login usuario que no existe,200,OK,CP002b 1-19,text,true,,6645,735,2,2,http://localhost:8080/twitter-clone/index.php,7,1,0,0,1
1684719179332,7,Login usuario que no existe-0,302,Found,CP002b 1-19,text,true,,447,593,2,2,http://localhost:8080/twitter-clone/handle/handlelogin.php,7,1,0,0,1
1684719179339,3,Login usuario que no existe-1,200,OK,CP002b 1-19,text,true,,6198,142,2,2,http://localhost:8080/twitter-clone/index.php,3,1,0,0,0
1684719179338,12,Login usuario que no existe,200,OK,CP002b 1-20,text,true,,6645,765,3,3,http://localhost:8080/twitter-clone/index.php,8,1,0,0,1
1684719179338,8,Login usuario que no existe-0,302,Found,CP002b 1-20,text,true,,447,623,3,3,http://localhost:8080/twitter-clone/handle/handlelogin.php,8,1,0,0,1
1684719179346,4,Login usuario que no existe-1,200,OK,CP002b 1-20,text,true,,6198,142,3,3,http://localhost:8080/twitter-clone/index.php,4,1,0,0,0
1684719179343,13,Login usuario que no existe,200,OK,CP002b 1-21,text,true,,6645,745,3,3,http://localhost:8080/twitter-clone/index.php,10,1,0,0,1
1684719179343,10,Login usuario que no existe-0,302,Found,CP002b 1-21,text,true,,447,603,3,3,http://localhost:8080/twitter-clone/handle/handlelogin.php,10,1,0,0,1
1684719179353,3,Login usuario que no existe-1,200,OK,CP002b 1-21,text,true,,6198,142,3,3,http://localhost:8080/twitter-clone/index.php,3,1,0,0,0
1684719179348,12,Login usuario que no existe,200,OK,CP002b 1-22,text,true,,6645,745,3,3,http://localhost:8080/twitter-clone/index.php,8,1,0,0,1
1684719179348,8,Login usuario que no existe-0,302,Found,CP002b 1-22,text,true,,447,603,3,3,http://localhost:8080/twitter-clone/handle/handlelogin.php,8,1,0,0,1
1684719179357,3,Login usuario que no existe-1,200,OK,CP002b 1-22,text,true,,6198,142,3,3,http://localhost:8080/twitter-clone/index.php,3,1,0,0,0
1684719179353,12,Login usuario que no existe,200,OK,CP002b 1-23,text,true,,6645,745,3,3,http://localhost:8080/twitter-clone/index.php,8,1,0,0,0
1684719179353,8,Login usuario que no existe-0,302,Found,CP002b 1-23,text,true,,447,603,3,3,http://localhost:8080/twitter-clone/handle/handlelogin.php,8,1,0,0,0
1684719179361,4,Login usuario que no existe-1,200,OK,CP002b 1-23,text,true,,6198,142,3,3,http://localhost:8080/twitter-clone/index.php,4,1,0,0,0
1684719179357,12,Login usuario que no existe,200,OK,CP002b 1-24,text,true,,6645,730,3,3,http://localhost:8080/twitter-clone/index.php,9,1,0,0,1
1684719179357,9,Login usuario que no existe-0,302,Found,CP002b 1-24,text,true,,447,588,3,3,http://localhost:8080/twitter-clone/handle/handlelogin.php,9,1,0,0,1
1684719179366,3,Login usuario que no existe-1,200,OK,CP002b 1-24,text,true,,6198,142,3,3,http://localhost:8080/twitter-clone/index.php,3,1,0,0,0
1684719179362,12,Login usuario que no existe,200,OK,CP002b 1-25,text,true,,6645,730,3,3,http://localhost:8080/twitter-clone/index.php,9,1,0,0,1
1684719179362,9,Login usuario que no existe-0,302,Found,CP002b 1-25,text,true,,447,588,3,3,http://localhost:8080/twitter-clone/handle/handlelogin.php,9,1,0,0,1
1684719179371,3,Login usuario que no existe-1,200,OK,CP002b 1-25,text,true,,6198,142,3,3,http://localhost:8080/twitter-clone/index.php,3,1,0,0,0
1684719179367,11,Login usuario que no existe,200,OK,CP002b 1-26,text,true,,6645,780,3,3,http://localhost:8080/twitter-clone/index.php,8,1,0,0,1
1684719179367,8,Login usuario que no existe-0,302,Found,CP002b 1-26,text,true,,447,638,3,3,http://localhost:8080/twitter-clone/handle/handlelogin.php,8,1,0,0,1
1684719179375,3,Login usuario que no existe-1,200,OK,CP002b 1-26,text,true,,6198,142,3,3,http://localhost:8080/twitter-clone/index.php,3,1,0,0,0
1684719179373,10,Login usuario que no existe,200,OK,CP002b 1-27,text,true,,6645,765,2,2,http://localhost:8080/twitter-clone/index.php,7,1,0,0,1
1684719179373,7,Login usuario que no existe-0,302,Found,CP002b 1-27,text,true,,447,623,2,2,http://localhost:8080/twitter-clone/handle/handlelogin.php,7,1,0,0,1
1684719179380,3,Login usuario que no existe-1,200,OK,CP002b 1-27,text,true,,6198,142,2,2,http://localhost:8080/twitter-clone/index.php,3,1,0,0,0
1684719179387,12,Login usuario que no existe,200,OK,CP002b 1-29,text,true,,6645,745,5,5,http://localhost:8080/twitter-clone/index.php,8,1,0,0,1
1684719179387,8,Login usuario que no existe-0,302,Found,CP002b 1-29,text,true,,447,603,5,5,http://localhost:8080/twitter-clone/handle/handlelogin.php,8,1,0,0,1
1684719179395,4,Login usuario que no existe-1,200,OK,CP002b 1-29,text,true,,6198,142,5,5,http://localhost:8080/twitter-clone/index.php,4,1,0,0,0
1684719179387,12,Login usuario que no existe,200,OK,CP002b 1-30,text,true,,6645,760,4,4,http://localhost:8080/twitter-clone/index.php,8,1,0,0,1
1684719179387,8,Login usuario que no existe-0,302,Found,CP002b 1-30,text,true,,447,618,4,4,http://localhost:8080/twitter-clone/handle/handlelogin.php,8,1,0,0,1
1684719179395,4,Login usuario que no existe-1,200,OK,CP002b 1-30,text,true,,6198,142,4,4,http://localhost:8080/twitter-clone/index.php,4,1,0,0,0
1684719179378,22,Login usuario que no existe,200,OK,CP002b 1-28,text,true,,6645,780,3,3,http://localhost:8080/twitter-clone/index.php,18,1,0,0,11
1684719179378,18,Login usuario que no existe-0,302,Found,CP002b 1-28,text,true,,447,638,3,3,http://localhost:8080/twitter-clone/handle/handlelogin.php,18,1,0,0,11
1684719179396,4,Login usuario que no existe-1,200,OK,CP002b 1-28,text,true,,6198,142,3,3,http://localhost:8080/twitter-clone/index.php,4,1,0,0,0
1684719179393,13,Login usuario que no existe,200,OK,CP002b 1-31,text,true,,6645,750,3,3,http://localhost:8080/twitter-clone/index.php,9,1,0,0,1
1684719179393,9,Login usuario que no existe-0,302,Found,CP002b 1-31,text,true,,447,608,3,3,http://localhost:8080/twitter-clone/handle/handlelogin.php,9,1,0,0,1
1684719179402,4,Login usuario que no existe-1,200,OK,CP002b 1-31,text,true,,6198,142,3,3,http://localhost:8080/twitter-clone/index.php,4,1,0,0,0
1684719179398,12,Login usuario que no existe,200,OK,CP002b 1-32,text,true,,6645,760,3,3,http://localhost:8080/twitter-clone/index.php,8,1,0,0,0
1684719179398,8,Login usuario que no existe-0,302,Found,CP002b 1-32,text,true,,447,618,3,3,http://localhost:8080/twitter-clone/handle/handlelogin.php,8,1,0,0,0
1684719179406,4,Login usuario que no existe-1,200,OK,CP002b 1-32,text,true,,6198,142,3,3,http://localhost:8080/twitter-clone/index.php,4,1,0,0,0
1684719179403,12,Login usuario que no existe,200,OK,CP002b 1-33,text,true,,6645,745,3,3,http://localhost:8080/twitter-clone/index.php,7,1,0,0,1
1684719179403,7,Login usuario que no existe-0,302,Found,CP002b 1-33,text,true,,447,603,3,3,http://localhost:8080/twitter-clone/handle/handlelogin.php,7,1,0,0,1
1684719179410,5,Login usuario que no existe-1,200,OK,CP002b 1-33,text,true,,6198,142,3,3,http://localhost:8080/twitter-clone/index.php,5,1,0,0,0
1684719179408,13,Login usuario que no existe,200,OK,CP002b 1-34,text,true,,6645,780,3,3,http://localhost:8080/twitter-clone/index.php,9,1,0,0,1
1684719179408,9,Login usuario que no existe-0,302,Found,CP002b 1-34,text,true,,447,638,3,3,http://localhost:8080/twitter-clone/handle/handlelogin.php,9,1,0,0,1
1684719179417,4,Login usuario que no existe-1,200,OK,CP002b 1-34,text,true,,6198,142,3,3,http://localhost:8080/twitter-clone/index.php,4,1,0,0,0
1684719179411,12,Login usuario que no existe,200,OK,CP002b 1-35,text,true,,6645,730,3,3,http://localhost:8080/twitter-clone/index.php,9,1,0,0,1
1684719179411,9,Login usuario que no existe-0,302,Found,CP002b 1-35,text,true,,447,588,3,3,http://localhost:8080/twitter-clone/handle/handlelogin.php,9,1,0,0,1
1684719179420,3,Login usuario que no existe-1,200,OK,CP002b 1-35,text,true,,6198,142,3,3,http://localhost:8080/twitter-clone/index.php,3,1,0,0,0
1684719179416,11,Login usuario que no existe,200,OK,CP002b 1-36,text,true,,6645,775,2,2,http://localhost:8080/twitter-clone/index.php,8,1,0,0,1
1684719179416,8,Login usuario que no existe-0,302,Found,CP002b 1-36,text,true,,447,633,2,2,http://localhost:8080/twitter-clone/handle/handlelogin.php,8,1,0,0,1
1684719179424,3,Login usuario que no existe-1,200,OK,CP002b 1-36,text,true,,6198,142,2,2,http://localhost:8080/twitter-clone/index.php,3,1,0,0,0
1684719179421,12,Login usuario que no existe,200,OK,CP002b 1-37,text,true,,6645,730,2,2,http://localhost:8080/twitter-clone/index.php,8,1,0,0,1
1684719179421,8,Login usuario que no existe-0,302,Found,CP002b 1-37,text,true,,447,588,2,2,http://localhost:8080/twitter-clone/handle/handlelogin.php,8,1,0,0,1
1684719179429,4,Login usuario que no existe-1,200,OK,CP002b 1-37,text,true,,6198,142,2,2,http://localhost:8080/twitter-clone/index.php,4,1,0,0,0
1684719179428,11,Login usuario que no existe,200,OK,CP002b 1-38,text,true,,6645,740,3,3,http://localhost:8080/twitter-clone/index.php,7,1,0,0,1
1684719179428,7,Login usuario que no existe-0,302,Found,CP002b 1-38,text,true,,447,598,3,3,http://localhost:8080/twitter-clone/handle/handlelogin.php,7,1,0,0,1
1684719179436,3,Login usuario que no existe-1,200,OK,CP002b 1-38,text,true,,6198,142,3,3,http://localhost:8080/twitter-clone/index.php,3,1,0,0,0
1684719179433,11,Login usuario que no existe,200,OK,CP002b 1-39,text,true,,6645,750,3,3,http://localhost:8080/twitter-clone/index.php,7,1,0,0,1
1684719179433,7,Login usuario que no existe-0,302,Found,CP002b 1-39,text,true,,447,608,3,3,http://localhost:8080/twitter-clone/handle/handlelogin.php,7,1,0,0,1
1684719179440,4,Login usuario que no existe-1,200,OK,CP002b 1-39,text,true,,6198,142,3,3,http://localhost:8080/twitter-clone/index.php,4,1,0,0,0
1684719179438,11,Login usuario que no existe,200,OK,CP002b 1-40,text,true,,6645,760,3,3,http://localhost:8080/twitter-clone/index.php,7,1,0,0,1
1684719179438,7,Login usuario que no existe-0,302,Found,CP002b 1-40,text,true,,447,618,3,3,http://localhost:8080/twitter-clone/handle/handlelogin.php,7,1,0,0,1
1684719179445,4,Login usuario que no existe-1,200,OK,CP002b 1-40,text,true,,6198,142,3,3,http://localhost:8080/twitter-clone/index.php,4,1,0,0,0
1684719179443,11,Login usuario que no existe,200,OK,CP002b 1-41,text,true,,6645,745,3,3,http://localhost:8080/twitter-clone/index.php,8,1,0,0,1
1684719179443,8,Login usuario que no existe-0,302,Found,CP002b 1-41,text,true,,447,603,3,3,http://localhost:8080/twitter-clone/handle/handlelogin.php,8,1,0,0,1
1684719179451,3,Login usuario que no existe-1,200,OK,CP002b 1-41,text,true,,6198,142,3,3,http://localhost:8080/twitter-clone/index.php,3,1,0,0,0
1684719179447,11,Login usuario que no existe,200,OK,CP002b 1-42,text,true,,6645,760,2,2,http://localhost:8080/twitter-clone/index.php,8,1,0,0,1
1684719179447,8,Login usuario que no existe-0,302,Found,CP002b 1-42,text,true,,447,618,2,2,http://localhost:8080/twitter-clone/handle/handlelogin.php,8,1,0,0,1
1684719179455,3,Login usuario que no existe-1,200,OK,CP002b 1-42,text,true,,6198,142,2,2,http://localhost:8080/twitter-clone/index.php,3,1,0,0,0
1684719179453,10,Login usuario que no existe,200,OK,CP002b 1-43,text,true,,6645,765,3,3,http://localhost:8080/twitter-clone/index.php,7,1,0,0,1
1684719179453,7,Login usuario que no existe-0,302,Found,CP002b 1-43,text,true,,447,623,3,3,http://localhost:8080/twitter-clone/handle/handlelogin.php,7,1,0,0,1
1684719179460,3,Login usuario que no existe-1,200,OK,CP002b 1-43,text,true,,6198,142,3,3,http://localhost:8080/twitter-clone/index.php,3,1,0,0,0
1684719179458,10,Login usuario que no existe,200,OK,CP002b 1-44,text,true,,6645,780,3,3,http://localhost:8080/twitter-clone/index.php,7,1,0,0,1
1684719179458,7,Login usuario que no existe-0,302,Found,CP002b 1-44,text,true,,447,638,3,3,http://localhost:8080/twitter-clone/handle/handlelogin.php,7,1,0,0,1
1684719179465,3,Login usuario que no existe-1,200,OK,CP002b 1-44,text,true,,6198,142,3,3,http://localhost:8080/twitter-clone/index.php,3,1,0,0,0
1684719179463,12,Login usuario que no existe,200,OK,CP002b 1-45,text,true,,6645,755,3,3,http://localhost:8080/twitter-clone/index.php,9,1,0,0,1
1684719179463,9,Login usuario que no existe-0,302,Found,CP002b 1-45,text,true,,447,613,3,3,http://localhost:8080/twitter-clone/handle/handlelogin.php,9,1,0,0,1
1684719179472,3,Login usuario que no existe-1,200,OK,CP002b 1-45,text,true,,6198,142,3,3,http://localhost:8080/twitter-clone/index.php,3,1,0,0,0
1684719179467,11,Login usuario que no existe,200,OK,CP002b 1-46,text,true,,6645,765,3,3,http://localhost:8080/twitter-clone/index.php,7,1,0,0,1
1684719179467,7,Login usuario que no existe-0,302,Found,CP002b 1-46,text,true,,447,623,3,3,http://localhost:8080/twitter-clone/handle/handlelogin.php,7,1,0,0,1
1684719179474,4,Login usuario que no existe-1,200,OK,CP002b 1-46,text,true,,6198,142,3,3,http://localhost:8080/twitter-clone/index.php,4,1,0,0,0
1684719179472,12,Login usuario que no existe,200,OK,CP002b 1-47,text,true,,6645,735,3,3,http://localhost:8080/twitter-clone/index.php,8,1,0,0,1
1684719179472,8,Login usuario que no existe-0,302,Found,CP002b 1-47,text,true,,447,593,3,3,http://localhost:8080/twitter-clone/handle/handlelogin.php,8,1,0,0,1
1684719179480,4,Login usuario que no existe-1,200,OK,CP002b 1-47,text,true,,6198,142,3,3,http://localhost:8080/twitter-clone/index.php,4,1,0,0,0
1684719179477,12,Login usuario que no existe,200,OK,CP002b 1-48,text,true,,6645,755,3,3,http://localhost:8080/twitter-clone/index.php,8,1,0,0,1
1684719179477,8,Login usuario que no existe-0,302,Found,CP002b 1-48,text,true,,447,613,3,3,http://localhost:8080/twitter-clone/handle/handlelogin.php,8,1,0,0,1
1684719179485,4,Login usuario que no existe-1,200,OK,CP002b 1-48,text,true,,6198,142,3,3,http://localhost:8080/twitter-clone/index.php,4,1,0,0,0
1684719179482,12,Login usuario que no existe,200,OK,CP002b 1-49,text,true,,6645,770,3,3,http://localhost:8080/twitter-clone/index.php,8,1,0,0,1
1684719179482,8,Login usuario que no existe-0,302,Found,CP002b 1-49,text,true,,447,628,3,3,http://localhost:8080/twitter-clone/handle/handlelogin.php,8,1,0,0,1
1684719179490,4,Login usuario que no existe-1,200,OK,CP002b 1-49,text,true,,6198,142,3,3,http://localhost:8080/twitter-clone/index.php,4,1,0,0,0
1684719179488,11,Login usuario que no existe,200,OK,CP002b 1-50,text,true,,6645,740,2,2,http://localhost:8080/twitter-clone/index.php,7,1,0,0,1
1684719179488,7,Login usuario que no existe-0,302,Found,CP002b 1-50,text,true,,447,598,2,2,http://localhost:8080/twitter-clone/handle/handlelogin.php,7,1,0,0,1
1684719179495,4,Login usuario que no existe-1,200,OK,CP002b 1-50,text,true,,6198,142,2,2,http://localhost:8080/twitter-clone/index.php,4,1,0,0,0
1684719179493,10,Login usuario que no existe,200,OK,CP002b 1-51,text,true,,6645,735,2,2,http://localhost:8080/twitter-clone/index.php,7,1,0,0,1
1684719179493,7,Login usuario que no existe-0,302,Found,CP002b 1-51,text,true,,447,593,2,2,http://localhost:8080/twitter-clone/handle/handlelogin.php,7,1,0,0,1
1684719179500,3,Login usuario que no existe-1,200,OK,CP002b 1-51,text,true,,6198,142,2,2,http://localhost:8080/twitter-clone/index.php,3,1,0,0,0
1684719179502,11,Login usuario que no existe,200,OK,CP002b 1-52,text,true,,6645,765,3,3,http://localhost:8080/twitter-clone/index.php,8,1,0,0,1
1684719179502,8,Login usuario que no existe-0,302,Found,CP002b 1-52,text,true,,447,623,3,3,http://localhost:8080/twitter-clone/handle/handlelogin.php,8,1,0,0,1
1684719179510,3,Login usuario que no existe-1,200,OK,CP002b 1-52,text,true,,6198,142,3,3,http://localhost:8080/twitter-clone/index.php,3,1,0,0,0
1684719179504,10,Login usuario que no existe,200,OK,CP002b 1-53,text,true,,6645,755,2,2,http://localhost:8080/twitter-clone/index.php,6,1,0,0,1
1684719179504,6,Login usuario que no existe-0,302,Found,CP002b 1-53,text,true,,447,613,2,2,http://localhost:8080/twitter-clone/handle/handlelogin.php,6,1,0,0,1
1684719179510,4,Login usuario que no existe-1,200,OK,CP002b 1-53,text,true,,6198,142,2,2,http://localhost:8080/twitter-clone/index.php,4,1,0,0,0
1684719179512,12,Login usuario que no existe,200,OK,CP002b 1-54,text,true,,6645,730,3,3,http://localhost:8080/twitter-clone/index.php,8,1,0,0,1
1684719179512,8,Login usuario que no existe-0,302,Found,CP002b 1-54,text,true,,447,588,3,3,http://localhost:8080/twitter-clone/handle/handlelogin.php,8,1,0,0,1
1684719179520,4,Login usuario que no existe-1,200,OK,CP002b 1-54,text,true,,6198,142,3,3,http://localhost:8080/twitter-clone/index.php,4,1,0,0,0
1684719179514,11,Login usuario que no existe,200,OK,CP002b 1-55,text,true,,6645,730,2,2,http://localhost:8080/twitter-clone/index.php,8,1,0,0,1
1684719179514,8,Login usuario que no existe-0,302,Found,CP002b 1-55,text,true,,447,588,2,2,http://localhost:8080/twitter-clone/handle/handlelogin.php,8,1,0,0,1
1684719179522,3,Login usuario que no existe-1,200,OK,CP002b 1-55,text,true,,6198,142,2,2,http://localhost:8080/twitter-clone/index.php,3,1,0,0,0
1684719179520,10,Login usuario que no existe,200,OK,CP002b 1-56,text,true,,6645,765,3,3,http://localhost:8080/twitter-clone/index.php,7,1,0,0,1
1684719179520,7,Login usuario que no existe-0,302,Found,CP002b 1-56,text,true,,447,623,3,3,http://localhost:8080/twitter-clone/handle/handlelogin.php,7,1,0,0,1
1684719179527,3,Login usuario que no existe-1,200,OK,CP002b 1-56,text,true,,6198,142,3,3,http://localhost:8080/twitter-clone/index.php,3,1,0,0,0
1684719179525,11,Login usuario que no existe,200,OK,CP002b 1-57,text,true,,6645,735,3,3,http://localhost:8080/twitter-clone/index.php,8,1,0,0,1
1684719179525,8,Login usuario que no existe-0,302,Found,CP002b 1-57,text,true,,447,593,3,3,http://localhost:8080/twitter-clone/handle/handlelogin.php,8,1,0,0,1
1684719179533,3,Login usuario que no existe-1,200,OK,CP002b 1-57,text,true,,6198,142,3,3,http://localhost:8080/twitter-clone/index.php,3,1,0,0,0
1684719179530,12,Login usuario que no existe,200,OK,CP002b 1-58,text,true,,6645,735,3,3,http://localhost:8080/twitter-clone/index.php,8,1,0,0,1
1684719179530,8,Login usuario que no existe-0,302,Found,CP002b 1-58,text,true,,447,593,3,3,http://localhost:8080/twitter-clone/handle/handlelogin.php,8,1,0,0,1
1684719179538,4,Login usuario que no existe-1,200,OK,CP002b 1-58,text,true,,6198,142,3,3,http://localhost:8080/twitter-clone/index.php,4,1,0,0,0
1684719179534,12,Login usuario que no existe,200,OK,CP002b 1-59,text,true,,6645,740,3,3,http://localhost:8080/twitter-clone/index.php,8,1,0,0,1
1684719179534,8,Login usuario que no existe-0,302,Found,CP002b 1-59,text,true,,447,598,3,3,http://localhost:8080/twitter-clone/handle/handlelogin.php,8,1,0,0,1
1684719179542,4,Login usuario que no existe-1,200,OK,CP002b 1-59,text,true,,6198,142,3,3,http://localhost:8080/twitter-clone/index.php,3,1,0,0,0
1684719179539,12,Login usuario que no existe,200,OK,CP002b 1-60,text,true,,6645,735,3,3,http://localhost:8080/twitter-clone/index.php,8,1,0,0,1
1684719179539,8,Login usuario que no existe-0,302,Found,CP002b 1-60,text,true,,447,593,3,3,http://localhost:8080/twitter-clone/handle/handlelogin.php,8,1,0,0,1
1684719179547,4,Login usuario que no existe-1,200,OK,CP002b 1-60,text,true,,6198,142,3,3,http://localhost:8080/twitter-clone/index.php,4,1,0,0,0
1684719179544,11,Login usuario que no existe,200,OK,CP002b 1-61,text,true,,6645,765,3,3,http://localhost:8080/twitter-clone/index.php,8,1,0,0,1
1684719179544,8,Login usuario que no existe-0,302,Found,CP002b 1-61,text,true,,447,623,3,3,http://localhost:8080/twitter-clone/handle/handlelogin.php,8,1,0,0,1
1684719179552,3,Login usuario que no existe-1,200,OK,CP002b 1-61,text,true,,6198,142,3,3,http://localhost:8080/twitter-clone/index.php,3,1,0,0,0
1684719179779,10,Login usuario que no existe,200,OK,CP002b 1-108,text,true,,6645,730,47,47,http://localhost:8080/twitter-clone/index.php,7,1,0,0,1
1684719179774,11,Login usuario que no existe,200,OK,CP002b 1-107,text,true,,6645,770,47,47,http://localhost:8080/twitter-clone/index.php,7,1,0,0,1
1684719179779,7,Login usuario que no existe-0,302,Found,CP002b 1-108,text,true,,447,588,47,47,http://localhost:8080/twitter-clone/handle/handlelogin.php,7,1,0,0,1
1684719179774,7,Login usuario que no existe-0,302,Found,CP002b 1-107,text,true,,447,628,47,47,http://localhost:8080/twitter-clone/handle/handlelogin.php,7,1,0,0,1
1684719179786,3,Login usuario que no existe-1,200,OK,CP002b 1-108,text,true,,6198,142,47,47,http://localhost:8080/twitter-clone/index.php,3,1,0,0,0
1684719179781,4,Login usuario que no existe-1,200,OK,CP002b 1-107,text,true,,6198,142,47,47,http://localhost:8080/twitter-clone/index.php,4,1,0,0,0
1684719179769,12,Login usuario que no existe,200,OK,CP002b 1-106,text,true,,6645,765,47,47,http://localhost:8080/twitter-clone/index.php,8,1,0,0,1
1684719179769,8,Login usuario que no existe-0,302,Found,CP002b 1-106,text,true,,447,623,47,47,http://localhost:8080/twitter-clone/handle/handlelogin.php,8,1,0,0,1
1684719179777,4,Login usuario que no existe-1,200,OK,CP002b 1-106,text,true,,6198,142,47,47,http://localhost:8080/twitter-clone/index.php,4,1,0,0,0
1684719179763,9,Login usuario que no existe,200,OK,CP002b 1-105,text,true,,6645,775,45,45,http://localhost:8080/twitter-clone/index.php,6,1,0,0,1
1684719179763,6,Login usuario que no existe-0,302,Found,CP002b 1-105,text,true,,447,633,45,45,http://localhost:8080/twitter-clone/handle/handlelogin.php,6,1,0,0,1
1684719179769,3,Login usuario que no existe-1,200,OK,CP002b 1-105,text,true,,6198,142,45,45,http://localhost:8080/twitter-clone/index.php,3,1,0,0,0
1684719179758,10,Login usuario que no existe,200,OK,CP002b 1-104,text,true,,6645,765,44,44,http://localhost:8080/twitter-clone/index.php,7,1,0,0,1
1684719179758,7,Login usuario que no existe-0,302,Found,CP002b 1-104,text,true,,447,623,44,44,http://localhost:8080/twitter-clone/handle/handlelogin.php,7,1,0,0,1
1684719179765,3,Login usuario que no existe-1,200,OK,CP002b 1-104,text,true,,6198,142,44,44,http://localhost:8080/twitter-clone/index.php,3,1,0,0,0
1684719179753,10,Login usuario que no existe,200,OK,CP002b 1-103,text,true,,6645,750,44,44,http://localhost:8080/twitter-clone/index.php,7,1,0,0,1
1684719179753,7,Login usuario que no existe-0,302,Found,CP002b 1-103,text,true,,447,608,44,44,http://localhost:8080/twitter-clone/handle/handlelogin.php,7,1,0,0,1
1684719179760,3,Login usuario que no existe-1,200,OK,CP002b 1-103,text,true,,6198,142,44,44,http://localhost:8080/twitter-clone/index.php,3,1,0,0,0
1684719179749,11,Login usuario que no existe,200,OK,CP002b 1-102,text,true,,6645,770,43,43,http://localhost:8080/twitter-clone/index.php,7,1,0,0,1
1684719179749,7,Login usuario que no existe-0,302,Found,CP002b 1-102,text,true,,447,628,43,43,http://localhost:8080/twitter-clone/handle/handlelogin.php,7,1,0,0,1
1684719179756,4,Login usuario que no existe-1,200,OK,CP002b 1-102,text,true,,6198,142,43,43,http://localhost:8080/twitter-clone/index.php,4,1,0,0,0
1684719179740,12,Login usuario que no existe,200,OK,CP002b 1-99,text,true,,6645,750,41,41,http://localhost:8080/twitter-clone/index.php,9,1,0,0,1
1684719179740,9,Login usuario que no existe-0,302,Found,CP002b 1-99,text,true,,447,608,41,41,http://localhost:8080/twitter-clone/handle/handlelogin.php,9,1,0,0,1
1684719179749,3,Login usuario que no existe-1,200,OK,CP002b 1-99,text,true,,6198,142,41,41,http://localhost:8080/twitter-clone/index.php,3,1,0,0,0
1684719179741,11,Login usuario que no existe,200,OK,CP002b 1-101,text,true,,6645,755,41,41,http://localhost:8080/twitter-clone/index.php,8,1,0,0,1
1684719179741,8,Login usuario que no existe-0,302,Found,CP002b 1-101,text,true,,447,613,41,41,http://localhost:8080/twitter-clone/handle/handlelogin.php,8,1,0,0,1
1684719179739,12,Login usuario que no existe,200,OK,CP002b 1-100,text,true,,6645,730,41,41,http://localhost:8080/twitter-clone/index.php,8,1,0,0,1
1684719179749,3,Login usuario que no existe-1,200,OK,CP002b 1-101,text,true,,6198,142,41,41,http://localhost:8080/twitter-clone/index.php,3,1,0,0,0
1684719179739,8,Login usuario que no existe-0,302,Found,CP002b 1-100,text,true,,447,588,41,41,http://localhost:8080/twitter-clone/handle/handlelogin.php,8,1,0,0,1
1684719179747,4,Login usuario que no existe-1,200,OK,CP002b 1-100,text,true,,6198,142,41,41,http://localhost:8080/twitter-clone/index.php,4,1,0,0,0
1684719179729,12,Login usuario que no existe,200,OK,CP002b 1-98,text,true,,6645,750,39,39,http://localhost:8080/twitter-clone/index.php,8,1,0,0,1
1684719179729,8,Login usuario que no existe-0,302,Found,CP002b 1-98,text,true,,447,608,39,39,http://localhost:8080/twitter-clone/handle/handlelogin.php,8,1,0,0,1
1684719179737,4,Login usuario que no existe-1,200,OK,CP002b 1-98,text,true,,6198,142,39,39,http://localhost:8080/twitter-clone/index.php,4,1,0,0,0
1684719179682,12,Login usuario que no existe,200,OK,CP002b 1-88,text,true,,6645,755,30,30,http://localhost:8080/twitter-clone/index.php,8,1,0,0,1
1684719179682,8,Login usuario que no existe-0,302,Found,CP002b 1-88,text,true,,447,613,30,30,http://localhost:8080/twitter-clone/handle/handlelogin.php,8,1,0,0,1
1684719179674,11,Login usuario que no existe,200,OK,CP002b 1-87,text,true,,6645,740,28,28,http://localhost:8080/twitter-clone/index.php,7,1,0,0,1
1684719179690,4,Login usuario que no existe-1,200,OK,CP002b 1-88,text,true,,6198,142,30,30,http://localhost:8080/twitter-clone/index.php,4,1,0,0,0
1684719179674,7,Login usuario que no existe-0,302,Found,CP002b 1-87,text,true,,447,598,28,28,http://localhost:8080/twitter-clone/handle/handlelogin.php,7,1,0,0,1
1684719179684,12,Login usuario que no existe,200,OK,CP002b 1-89,text,true,,6645,770,30,30,http://localhost:8080/twitter-clone/index.php,8,1,0,0,1
1684719179681,4,Login usuario que no existe-1,200,OK,CP002b 1-87,text,true,,6198,142,28,28,http://localhost:8080/twitter-clone/index.php,4,1,0,0,0
1684719179684,8,Login usuario que no existe-0,302,Found,CP002b 1-89,text,true,,447,628,30,30,http://localhost:8080/twitter-clone/handle/handlelogin.php,8,1,0,0,1
1684719179692,4,Login usuario que no existe-1,200,OK,CP002b 1-89,text,true,,6198,142,30,30,http://localhost:8080/twitter-clone/index.php,4,1,0,0,0
1684719179669,12,Login usuario que no existe,200,OK,CP002b 1-86,text,true,,6645,760,26,26,http://localhost:8080/twitter-clone/index.php,8,1,0,0,1
1684719179669,8,Login usuario que no existe-0,302,Found,CP002b 1-86,text,true,,447,618,26,26,http://localhost:8080/twitter-clone/handle/handlelogin.php,8,1,0,0,1
1684719179678,3,Login usuario que no existe-1,200,OK,CP002b 1-86,text,true,,6198,142,26,26,http://localhost:8080/twitter-clone/index.php,3,1,0,0,0
1684719179689,11,Login usuario que no existe,200,OK,CP002b 1-90,text,true,,6645,780,31,31,http://localhost:8080/twitter-clone/index.php,8,1,0,0,1
1684719179694,11,Login usuario que no existe,200,OK,CP002b 1-91,text,true,,6645,750,32,32,http://localhost:8080/twitter-clone/index.php,7,1,0,0,1
1684719179689,8,Login usuario que no existe-0,302,Found,CP002b 1-90,text,true,,447,638,31,31,http://localhost:8080/twitter-clone/handle/handlelogin.php,8,1,0,0,1
1684719179697,3,Login usuario que no existe-1,200,OK,CP002b 1-90,text,true,,6198,142,31,31,http://localhost:8080/twitter-clone/index.php,3,1,0,0,0
1684719179699,11,Login usuario que no existe,200,OK,CP002b 1-92,text,true,,6645,775,33,33,http://localhost:8080/twitter-clone/index.php,7,1,0,0,1
1684719179664,10,Login usuario que no existe,200,OK,CP002b 1-85,text,true,,6645,780,26,26,http://localhost:8080/twitter-clone/index.php,7,1,0,0,1
1684719179664,7,Login usuario que no existe-0,302,Found,CP002b 1-85,text,true,,447,638,26,26,http://localhost:8080/twitter-clone/handle/handlelogin.php,7,1,0,0,1
1684719179699,7,Login usuario que no existe-0,302,Found,CP002b 1-92,text,true,,447,633,33,33,http://localhost:8080/twitter-clone/handle/handlelogin.php,7,1,0,0,1
1684719179671,3,Login usuario que no existe-1,200,OK,CP002b 1-85,text,true,,6198,142,26,26,http://localhost:8080/twitter-clone/index.php,3,1,0,0,0
1684719179706,4,Login usuario que no existe-1,200,OK,CP002b 1-92,text,true,,6198,142,33,33,http://localhost:8080/twitter-clone/index.php,4,1,0,0,0
1684719179659,10,Login usuario que no existe,200,OK,CP002b 1-84,text,true,,6645,765,24,24,http://localhost:8080/twitter-clone/index.php,7,1,0,0,1
1684719179704,11,Login usuario que no existe,200,OK,CP002b 1-93,text,true,,6645,755,34,34,http://localhost:8080/twitter-clone/index.php,8,1,0,0,1
1684719179659,7,Login usuario que no existe-0,302,Found,CP002b 1-84,text,true,,447,623,24,24,http://localhost:8080/twitter-clone/handle/handlelogin.php,7,1,0,0,1
1684719179666,3,Login usuario que no existe-1,200,OK,CP002b 1-84,text,true,,6198,142,24,24,http://localhost:8080/twitter-clone/index.php,3,1,0,0,0
1684719179704,8,Login usuario que no existe-0,302,Found,CP002b 1-93,text,true,,447,613,34,34,http://localhost:8080/twitter-clone/handle/handlelogin.php,8,1,0,0,1
1684719179712,3,Login usuario que no existe-1,200,OK,CP002b 1-93,text,true,,6198,142,34,34,http://localhost:8080/twitter-clone/index.php,3,1,0,0,0
1684719179654,10,Login usuario que no existe,200,OK,CP002b 1-83,text,true,,6645,735,24,24,http://localhost:8080/twitter-clone/index.php,7,1,0,0,1
1684719179654,7,Login usuario que no existe-0,302,Found,CP002b 1-83,text,true,,447,593,24,24,http://localhost:8080/twitter-clone/handle/handlelogin.php,7,1,0,0,1
1684719179661,3,Login usuario que no existe-1,200,OK,CP002b 1-83,text,true,,6198,142,24,24,http://localhost:8080/twitter-clone/index.php,3,1,0,0,0
1684719179709,12,Login usuario que no existe,200,OK,CP002b 1-94,text,true,,6645,730,35,35,http://localhost:8080/twitter-clone/index.php,8,1,0,0,1
1684719179649,10,Login usuario que no existe,200,OK,CP002b 1-82,text,true,,6645,735,23,23,http://localhost:8080/twitter-clone/index.php,7,1,0,0,1
1684719179713,12,Login usuario que no existe,200,OK,CP002b 1-95,text,true,,6645,775,35,35,http://localhost:8080/twitter-clone/index.php,8,1,0,0,1
1684719179709,8,Login usuario que no existe-0,302,Found,CP002b 1-94,text,true,,447,588,35,35,http://localhost:8080/twitter-clone/handle/handlelogin.php,8,1,0,0,1
1684719179649,7,Login usuario que no existe-0,302,Found,CP002b 1-82,text,true,,447,593,23,23,http://localhost:8080/twitter-clone/handle/handlelogin.php,7,1,0,0,1
1684719179717,4,Login usuario que no existe-1,200,OK,CP002b 1-94,text,true,,6198,142,35,35,http://localhost:8080/twitter-clone/index.php,4,1,0,0,0
1684719179713,8,Login usuario que no existe-0,302,Found,CP002b 1-95,text,true,,447,633,35,35,http://localhost:8080/twitter-clone/handle/handlelogin.php,8,1,0,0,1
1684719179656,3,Login usuario que no existe-1,200,OK,CP002b 1-82,text,true,,6198,142,23,23,http://localhost:8080/twitter-clone/index.php,3,1,0,0,0
1684719179721,4,Login usuario que no existe-1,200,OK,CP002b 1-95,text,true,,6198,142,35,35,http://localhost:8080/twitter-clone/index.php,4,1,0,0,0
1684719179718,11,Login usuario que no existe,200,OK,CP002b 1-96,text,true,,6645,745,36,36,http://localhost:8080/twitter-clone/index.php,8,1,0,0,1
1684719179718,8,Login usuario que no existe-0,302,Found,CP002b 1-96,text,true,,447,603,36,36,http://localhost:8080/twitter-clone/handle/handlelogin.php,8,1,0,0,1
1684719179726,3,Login usuario que no existe-1,200,OK,CP002b 1-96,text,true,,6198,142,36,36,http://localhost:8080/twitter-clone/index.php,3,1,0,0,0
1684719179641,12,Login usuario que no existe,200,OK,CP002b 1-81,text,true,,6645,765,21,21,http://localhost:8080/twitter-clone/index.php,8,1,0,0,1
1684719179641,8,Login usuario que no existe-0,302,Found,CP002b 1-81,text,true,,447,623,21,21,http://localhost:8080/twitter-clone/handle/handlelogin.php,8,1,0,0,1
1684719179639,11,Login usuario que no existe,200,OK,CP002b 1-80,text,true,,6645,745,21,21,http://localhost:8080/twitter-clone/index.php,7,1,0,0,1
1684719179649,4,Login usuario que no existe-1,200,OK,CP002b 1-81,text,true,,6198,142,21,21,http://localhost:8080/twitter-clone/index.php,4,1,0,0,0
1684719179639,7,Login usuario que no existe-0,302,Found,CP002b 1-80,text,true,,447,603,21,21,http://localhost:8080/twitter-clone/handle/handlelogin.php,7,1,0,0,1
1684719179646,4,Login usuario que no existe-1,200,OK,CP002b 1-80,text,true,,6198,142,21,21,http://localhost:8080/twitter-clone/index.php,4,1,0,0,0
1684719179730,11,Login usuario que no existe,200,OK,CP002b 1-97,text,true,,6645,755,39,39,http://localhost:8080/twitter-clone/index.php,7,1,0,0,1
1684719179730,7,Login usuario que no existe-0,302,Found,CP002b 1-97,text,true,,447,613,39,39,http://localhost:8080/twitter-clone/handle/handlelogin.php,7,1,0,0,1
1684719179737,4,Login usuario que no existe-1,200,OK,CP002b 1-97,text,true,,6198,142,39,39,http://localhost:8080/twitter-clone/index.php,4,1,0,0,0
1684719179634,12,Login usuario que no existe,200,OK,CP002b 1-79,text,true,,6645,760,20,20,http://localhost:8080/twitter-clone/index.php,8,1,0,0,1
1684719179634,8,Login usuario que no existe-0,302,Found,CP002b 1-79,text,true,,447,618,20,20,http://localhost:8080/twitter-clone/handle/handlelogin.php,8,1,0,0,1
1684719179642,4,Login usuario que no existe-1,200,OK,CP002b 1-79,text,true,,6198,142,20,20,http://localhost:8080/twitter-clone/index.php,4,1,0,0,0
1684719179629,11,Login usuario que no existe,200,OK,CP002b 1-78,text,true,,6645,730,19,19,http://localhost:8080/twitter-clone/index.php,7,1,0,0,1
1684719179629,7,Login usuario que no existe-0,302,Found,CP002b 1-78,text,true,,447,588,19,19,http://localhost:8080/twitter-clone/handle/handlelogin.php,7,1,0,0,1
1684719179636,4,Login usuario que no existe-1,200,OK,CP002b 1-78,text,true,,6198,142,19,19,http://localhost:8080/twitter-clone/index.php,4,1,0,0,0
1684719179625,10,Login usuario que no existe,200,OK,CP002b 1-77,text,true,,6645,760,18,18,http://localhost:8080/twitter-clone/index.php,7,1,0,0,1
1684719179625,7,Login usuario que no existe-0,302,Found,CP002b 1-77,text,true,,447,618,18,18,http://localhost:8080/twitter-clone/handle/handlelogin.php,7,1,0,0,1
1684719179632,3,Login usuario que no existe-1,200,OK,CP002b 1-77,text,true,,6198,142,18,18,http://localhost:8080/twitter-clone/index.php,3,1,0,0,0
1684719179694,7,Login usuario que no existe-0,302,Found,CP002b 1-91,text,true,,447,608,32,32,http://localhost:8080/twitter-clone/handle/handlelogin.php,7,1,0,0,1
1684719179702,3,Login usuario que no existe-1,200,OK,CP002b 1-91,text,true,,6198,142,32,32,http://localhost:8080/twitter-clone/index.php,3,1,0,0,0
1684719179620,10,Login usuario que no existe,200,OK,CP002b 1-76,text,true,,6645,770,17,17,http://localhost:8080/twitter-clone/index.php,6,1,0,0,1
1684719179620,6,Login usuario que no existe-0,302,Found,CP002b 1-76,text,true,,447,628,17,17,http://localhost:8080/twitter-clone/handle/handlelogin.php,6,1,0,0,1
1684719179627,3,Login usuario que no existe-1,200,OK,CP002b 1-76,text,true,,6198,142,17,17,http://localhost:8080/twitter-clone/index.php,3,1,0,0,0
1684719179615,10,Login usuario que no existe,200,OK,CP002b 1-75,text,true,,6645,740,15,15,http://localhost:8080/twitter-clone/index.php,7,1,0,0,1
1684719179615,7,Login usuario que no existe-0,302,Found,CP002b 1-75,text,true,,447,598,15,15,http://localhost:8080/twitter-clone/handle/handlelogin.php,7,1,0,0,1
1684719179608,11,Login usuario que no existe,200,OK,CP002b 1-73,text,true,,6645,760,14,14,http://localhost:8080/twitter-clone/index.php,8,1,0,0,1
1684719179622,3,Login usuario que no existe-1,200,OK,CP002b 1-75,text,true,,6198,142,15,15,http://localhost:8080/twitter-clone/index.php,3,1,0,0,0
1684719179608,8,Login usuario que no existe-0,302,Found,CP002b 1-73,text,true,,447,618,14,14,http://localhost:8080/twitter-clone/handle/handlelogin.php,8,1,0,0,1
1684719179606,10,Login usuario que no existe,200,OK,CP002b 1-74,text,true,,6645,750,14,14,http://localhost:8080/twitter-clone/index.php,7,1,0,0,1
1684719179616,3,Login usuario que no existe-1,200,OK,CP002b 1-73,text,true,,6198,142,14,14,http://localhost:8080/twitter-clone/index.php,3,1,0,0,0
1684719179606,7,Login usuario que no existe-0,302,Found,CP002b 1-74,text,true,,447,608,14,14,http://localhost:8080/twitter-clone/handle/handlelogin.php,7,1,0,0,1
1684719179613,3,Login usuario que no existe-1,200,OK,CP002b 1-74,text,true,,6198,142,14,14,http://localhost:8080/twitter-clone/index.php,3,1,0,0,0
1684719179600,9,Login usuario que no existe,200,OK,CP002b 1-72,text,true,,6645,765,13,13,http://localhost:8080/twitter-clone/index.php,6,1,0,0,1
1684719179600,6,Login usuario que no existe-0,302,Found,CP002b 1-72,text,true,,447,623,13,13,http://localhost:8080/twitter-clone/handle/handlelogin.php,6,1,0,0,1
1684719179606,3,Login usuario que no existe-1,200,OK,CP002b 1-72,text,true,,6198,142,13,13,http://localhost:8080/twitter-clone/index.php,3,1,0,0,0
1684719179594,10,Login usuario que no existe,200,OK,CP002b 1-71,text,true,,6645,755,11,11,http://localhost:8080/twitter-clone/index.php,7,1,0,0,1
1684719179594,7,Login usuario que no existe-0,302,Found,CP002b 1-71,text,true,,447,613,11,11,http://localhost:8080/twitter-clone/handle/handlelogin.php,7,1,0,0,1
1684719179601,3,Login usuario que no existe-1,200,OK,CP002b 1-71,text,true,,6198,142,11,11,http://localhost:8080/twitter-clone/index.php,3,1,0,0,0
1684719179590,11,Login usuario que no existe,200,OK,CP002b 1-70,text,true,,6645,770,11,11,http://localhost:8080/twitter-clone/index.php,7,1,0,0,1
1684719179590,7,Login usuario que no existe-0,302,Found,CP002b 1-70,text,true,,447,628,11,11,http://localhost:8080/twitter-clone/handle/handlelogin.php,7,1,0,0,1
1684719179597,4,Login usuario que no existe-1,200,OK,CP002b 1-70,text,true,,6198,142,11,11,http://localhost:8080/twitter-clone/index.php,4,1,0,0,0
1684719179585,11,Login usuario que no existe,200,OK,CP002b 1-69,text,true,,6645,755,10,10,http://localhost:8080/twitter-clone/index.php,7,1,0,0,1
1684719179585,7,Login usuario que no existe-0,302,Found,CP002b 1-69,text,true,,447,613,10,10,http://localhost:8080/twitter-clone/handle/handlelogin.php,7,1,0,0,1
1684719179592,4,Login usuario que no existe-1,200,OK,CP002b 1-69,text,true,,6198,142,10,10,http://localhost:8080/twitter-clone/index.php,4,1,0,0,0
1684719179580,11,Login usuario que no existe,200,OK,CP002b 1-68,text,true,,6645,730,9,9,http://localhost:8080/twitter-clone/index.php,8,1,0,0,1
1684719179580,8,Login usuario que no existe-0,302,Found,CP002b 1-68,text,true,,447,588,9,9,http://localhost:8080/twitter-clone/handle/handlelogin.php,8,1,0,0,1
1684719179588,3,Login usuario que no existe-1,200,OK,CP002b 1-68,text,true,,6198,142,9,9,http://localhost:8080/twitter-clone/index.php,3,1,0,0,0
1684719179575,12,Login usuario que no existe,200,OK,CP002b 1-67,text,true,,6645,745,8,8,http://localhost:8080/twitter-clone/index.php,9,1,0,0,1
1684719179575,9,Login usuario que no existe-0,302,Found,CP002b 1-67,text,true,,447,603,8,8,http://localhost:8080/twitter-clone/handle/handlelogin.php,9,1,0,0,1
1684719179584,3,Login usuario que no existe-1,200,OK,CP002b 1-67,text,true,,6198,142,8,8,http://localhost:8080/twitter-clone/index.php,3,1,0,0,0
1684719179570,10,Login usuario que no existe,200,OK,CP002b 1-66,text,true,,6645,765,7,7,http://localhost:8080/twitter-clone/index.php,6,1,0,0,1
1684719179570,6,Login usuario que no existe-0,302,Found,CP002b 1-66,text,true,,447,623,7,7,http://localhost:8080/twitter-clone/handle/handlelogin.php,6,1,0,0,1
1684719179565,9,Login usuario que no existe,200,OK,CP002b 1-65,text,true,,6645,750,5,5,http://localhost:8080/twitter-clone/index.php,7,1,0,0,1
1684719179565,7,Login usuario que no existe-0,302,Found,CP002b 1-65,text,true,,447,608,5,5,http://localhost:8080/twitter-clone/handle/handlelogin.php,7,1,0,0,1
1684719179556,11,Login usuario que no existe,200,OK,CP002b 1-64,text,true,,6645,735,4,4,http://localhost:8080/twitter-clone/index.php,7,1,0,0,1
1684719179572,2,Login usuario que no existe-1,200,OK,CP002b 1-65,text,true,,6198,142,5,5,http://localhost:8080/twitter-clone/index.php,2,1,0,0,0
1684719179577,3,Login usuario que no existe-1,200,OK,CP002b 1-66,text,true,,6198,142,7,7,http://localhost:8080/twitter-clone/index.php,3,1,0,0,0
1684719179556,7,Login usuario que no existe-0,302,Found,CP002b 1-64,text,true,,447,593,4,4,http://localhost:8080/twitter-clone/handle/handlelogin.php,7,1,0,0,1
1684719179563,4,Login usuario que no existe-1,200,OK,CP002b 1-64,text,true,,6198,142,4,4,http://localhost:8080/twitter-clone/index.php,4,1,0,0,0
1684719179554,11,Login usuario que no existe,200,OK,CP002b 1-63,text,true,,6645,755,4,4,http://localhost:8080/twitter-clone/index.php,8,1,0,0,1
1684719179549,12,Login usuario que no existe,200,OK,CP002b 1-62,text,true,,6645,765,3,3,http://localhost:8080/twitter-clone/index.php,9,1,0,0,1
1684719179554,8,Login usuario que no existe-0,302,Found,CP002b 1-63,text,true,,447,613,4,4,http://localhost:8080/twitter-clone/handle/handlelogin.php,8,1,0,0,1
1684719179562,3,Login usuario que no existe-1,200,OK,CP002b 1-63,text,true,,6198,142,4,4,http://localhost:8080/twitter-clone/index.php,3,1,0,0,0
1684719179549,9,Login usuario que no existe-0,302,Found,CP002b 1-62,text,true,,447,623,3,3,http://localhost:8080/twitter-clone/handle/handlelogin.php,9,1,0,0,1
1684719179558,3,Login usuario que no existe-1,200,OK,CP002b 1-62,text,true,,6198,142,3,3,http://localhost:8080/twitter-clone/index.php,3,1,0,0,0
1684719179789,14,Login usuario que no existe,200,OK,CP002b 1-110,text,true,,6645,760,4,4,http://localhost:8080/twitter-clone/index.php,10,1,0,0,1
1684719179789,10,Login usuario que no existe-0,302,Found,CP002b 1-110,text,true,,447,618,4,4,http://localhost:8080/twitter-clone/handle/handlelogin.php,10,1,0,0,1
1684719179799,4,Login usuario que no existe-1,200,OK,CP002b 1-110,text,true,,6198,142,4,4,http://localhost:8080/twitter-clone/index.php,4,1,0,0,0
1684719179790,15,Login usuario que no existe,200,OK,CP002b 1-109,text,true,,6645,760,4,4,http://localhost:8080/twitter-clone/index.php,10,1,0,0,1
1684719179790,10,Login usuario que no existe-0,302,Found,CP002b 1-109,text,true,,447,618,4,4,http://localhost:8080/twitter-clone/handle/handlelogin.php,10,1,0,0,1
1684719179800,5,Login usuario que no existe-1,200,OK,CP002b 1-109,text,true,,6198,142,4,4,http://localhost:8080/twitter-clone/index.php,5,1,0,0,0
1684719179799,13,Login usuario que no existe,200,OK,CP002b 1-112,text,true,,6645,775,4,4,http://localhost:8080/twitter-clone/index.php,9,1,0,0,1
1684719179799,9,Login usuario que no existe-0,302,Found,CP002b 1-112,text,true,,447,633,4,4,http://localhost:8080/twitter-clone/handle/handlelogin.php,9,1,0,0,1
1684719179808,4,Login usuario que no existe-1,200,OK,CP002b 1-112,text,true,,6198,142,4,4,http://localhost:8080/twitter-clone/index.php,4,1,0,0,0
1684719179801,12,Login usuario que no existe,200,OK,CP002b 1-111,text,true,,6645,730,4,4,http://localhost:8080/twitter-clone/index.php,8,1,0,0,1
1684719179801,8,Login usuario que no existe-0,302,Found,CP002b 1-111,text,true,,447,588,4,4,http://localhost:8080/twitter-clone/handle/handlelogin.php,8,1,0,0,1
1684719179809,4,Login usuario que no existe-1,200,OK,CP002b 1-111,text,true,,6198,142,4,4,http://localhost:8080/twitter-clone/index.php,4,1,0,0,0
1684719179804,12,Login usuario que no existe,200,OK,CP002b 1-113,text,true,,6645,755,3,3,http://localhost:8080/twitter-clone/index.php,8,1,0,0,1
1684719179804,8,Login usuario que no existe-0,302,Found,CP002b 1-113,text,true,,447,613,3,3,http://localhost:8080/twitter-clone/handle/handlelogin.php,8,1,0,0,1
1684719179812,4,Login usuario que no existe-1,200,OK,CP002b 1-113,text,true,,6198,142,3,3,http://localhost:8080/twitter-clone/index.php,4,1,0,0,0
1684719179809,13,Login usuario que no existe,200,OK,CP002b 1-114,text,true,,6645,740,3,3,http://localhost:8080/twitter-clone/index.php,9,1,0,0,1
1684719179809,9,Login usuario que no existe-0,302,Found,CP002b 1-114,text,true,,447,598,3,3,http://localhost:8080/twitter-clone/handle/handlelogin.php,9,1,0,0,1
1684719179818,4,Login usuario que no existe-1,200,OK,CP002b 1-114,text,true,,6198,142,3,3,http://localhost:8080/twitter-clone/index.php,4,1,0,0,0
1684719179813,11,Login usuario que no existe,200,OK,CP002b 1-115,text,true,,6645,750,3,3,http://localhost:8080/twitter-clone/index.php,7,1,0,0,1
1684719179813,7,Login usuario que no existe-0,302,Found,CP002b 1-115,text,true,,447,608,3,3,http://localhost:8080/twitter-clone/handle/handlelogin.php,7,1,0,0,1
1684719179820,4,Login usuario que no existe-1,200,OK,CP002b 1-115,text,true,,6198,142,3,3,http://localhost:8080/twitter-clone/index.php,4,1,0,0,0
1684719179819,12,Login usuario que no existe,200,OK,CP002b 1-116,text,true,,6645,735,4,4,http://localhost:8080/twitter-clone/index.php,8,1,0,0,1
1684719179819,8,Login usuario que no existe-0,302,Found,CP002b 1-116,text,true,,447,593,4,4,http://localhost:8080/twitter-clone/handle/handlelogin.php,8,1,0,0,1
1684719179828,3,Login usuario que no existe-1,200,OK,CP002b 1-116,text,true,,6198,142,4,4,http://localhost:8080/twitter-clone/index.php,3,1,0,0,0
1684719179823,12,Login usuario que no existe,200,OK,CP002b 1-117,text,true,,6645,745,3,3,http://localhost:8080/twitter-clone/index.php,8,1,0,0,1
1684719179823,8,Login usuario que no existe-0,302,Found,CP002b 1-117,text,true,,447,603,3,3,http://localhost:8080/twitter-clone/handle/handlelogin.php,8,1,0,0,1
1684719179831,4,Login usuario que no existe-1,200,OK,CP002b 1-117,text,true,,6198,142,3,3,http://localhost:8080/twitter-clone/index.php,4,1,0,0,0
1684719179829,11,Login usuario que no existe,200,OK,CP002b 1-118,text,true,,6645,740,3,3,http://localhost:8080/twitter-clone/index.php,8,1,0,0,1
1684719179829,8,Login usuario que no existe-0,302,Found,CP002b 1-118,text,true,,447,598,3,3,http://localhost:8080/twitter-clone/handle/handlelogin.php,8,1,0,0,1
1684719179837,3,Login usuario que no existe-1,200,OK,CP002b 1-118,text,true,,6198,142,3,3,http://localhost:8080/twitter-clone/index.php,3,1,0,0,0
1684719179830,12,Login usuario que no existe,200,OK,CP002b 1-119,text,true,,6645,740,2,2,http://localhost:8080/twitter-clone/index.php,8,1,0,0,1
1684719179830,8,Login usuario que no existe-0,302,Found,CP002b 1-119,text,true,,447,598,2,2,http://localhost:8080/twitter-clone/handle/handlelogin.php,8,1,0,0,1
1684719179838,4,Login usuario que no existe-1,200,OK,CP002b 1-119,text,true,,6198,142,2,2,http://localhost:8080/twitter-clone/index.php,4,1,0,0,0
1684719179839,12,Login usuario que no existe,200,OK,CP002b 1-120,text,true,,6645,780,3,3,http://localhost:8080/twitter-clone/index.php,7,1,0,0,1
1684719179839,7,Login usuario que no existe-0,302,Found,CP002b 1-120,text,true,,447,638,3,3,http://localhost:8080/twitter-clone/handle/handlelogin.php,7,1,0,0,1
1684719179846,5,Login usuario que no existe-1,200,OK,CP002b 1-120,text,true,,6198,142,3,3,http://localhost:8080/twitter-clone/index.php,5,1,0,0,0
1684719179846,10,Login usuario que no existe,200,OK,CP002b 1-121,text,true,,6645,730,3,3,http://localhost:8080/twitter-clone/index.php,7,1,0,0,0
1684719179846,7,Login usuario que no existe-0,302,Found,CP002b 1-121,text,true,,447,588,3,3,http://localhost:8080/twitter-clone/handle/handlelogin.php,7,1,0,0,0
1684719179853,3,Login usuario que no existe-1,200,OK,CP002b 1-121,text,true,,6198,142,3,3,http://localhost:8080/twitter-clone/index.php,3,1,0,0,0
1684719179850,11,Login usuario que no existe,200,OK,CP002b 1-122,text,true,,6645,780,3,3,http://localhost:8080/twitter-clone/index.php,8,1,0,0,1
1684719179850,8,Login usuario que no existe-0,302,Found,CP002b 1-122,text,true,,447,638,3,3,http://localhost:8080/twitter-clone/handle/handlelogin.php,8,1,0,0,1
1684719179858,3,Login usuario que no existe-1,200,OK,CP002b 1-122,text,true,,6198,142,3,3,http://localhost:8080/twitter-clone/index.php,3,1,0,0,0
1684719179855,11,Login usuario que no existe,200,OK,CP002b 1-123,text,true,,6645,770,3,3,http://localhost:8080/twitter-clone/index.php,8,1,0,0,1
1684719179855,8,Login usuario que no existe-0,302,Found,CP002b 1-123,text,true,,447,628,3,3,http://localhost:8080/twitter-clone/handle/handlelogin.php,8,1,0,0,1
1684719179863,3,Login usuario que no existe-1,200,OK,CP002b 1-123,text,true,,6198,142,3,3,http://localhost:8080/twitter-clone/index.php,3,1,0,0,0
1684719179859,12,Login usuario que no existe,200,OK,CP002b 1-124,text,true,,6645,765,2,2,http://localhost:8080/twitter-clone/index.php,8,1,0,0,1
1684719179859,8,Login usuario que no existe-0,302,Found,CP002b 1-124,text,true,,447,623,2,2,http://localhost:8080/twitter-clone/handle/handlelogin.php,8,1,0,0,1
1684719179867,4,Login usuario que no existe-1,200,OK,CP002b 1-124,text,true,,6198,142,2,2,http://localhost:8080/twitter-clone/index.php,4,1,0,0,0
1684719179866,10,Login usuario que no existe,200,OK,CP002b 1-125,text,true,,6645,730,2,2,http://localhost:8080/twitter-clone/index.php,6,1,0,0,1
1684719179866,6,Login usuario que no existe-0,302,Found,CP002b 1-125,text,true,,447,588,2,2,http://localhost:8080/twitter-clone/handle/handlelogin.php,6,1,0,0,1
1684719179872,4,Login usuario que no existe-1,200,OK,CP002b 1-125,text,true,,6198,142,2,2,http://localhost:8080/twitter-clone/index.php,4,1,0,0,0
1684719179871,12,Login usuario que no existe,200,OK,CP002b 1-126,text,true,,6645,760,3,3,http://localhost:8080/twitter-clone/index.php,8,1,0,0,1
1684719179871,8,Login usuario que no existe-0,302,Found,CP002b 1-126,text,true,,447,618,3,3,http://localhost:8080/twitter-clone/handle/handlelogin.php,8,1,0,0,1
1684719179879,4,Login usuario que no existe-1,200,OK,CP002b 1-126,text,true,,6198,142,3,3,http://localhost:8080/twitter-clone/index.php,4,1,0,0,0
1684719179877,12,Login usuario que no existe,200,OK,CP002b 1-127,text,true,,6645,730,3,3,http://localhost:8080/twitter-clone/index.php,8,1,0,0,1
1684719179877,8,Login usuario que no existe-0,302,Found,CP002b 1-127,text,true,,447,588,3,3,http://localhost:8080/twitter-clone/handle/handlelogin.php,8,1,0,0,1
1684719179885,4,Login usuario que no existe-1,200,OK,CP002b 1-127,text,true,,6198,142,3,3,http://localhost:8080/twitter-clone/index.php,4,1,0,0,0
1684719179882,12,Login usuario que no existe,200,OK,CP002b 1-128,text,true,,6645,740,3,3,http://localhost:8080/twitter-clone/index.php,8,1,0,0,1
1684719179882,8,Login usuario que no existe-0,302,Found,CP002b 1-128,text,true,,447,598,3,3,http://localhost:8080/twitter-clone/handle/handlelogin.php,8,1,0,0,1
1684719179890,4,Login usuario que no existe-1,200,OK,CP002b 1-128,text,true,,6198,142,3,3,http://localhost:8080/twitter-clone/index.php,4,1,0,0,0
1684719179887,12,Login usuario que no existe,200,OK,CP002b 1-129,text,true,,6645,775,4,4,http://localhost:8080/twitter-clone/index.php,8,1,0,0,1
1684719179887,8,Login usuario que no existe-0,302,Found,CP002b 1-129,text,true,,447,633,4,4,http://localhost:8080/twitter-clone/handle/handlelogin.php,8,1,0,0,1
1684719179895,4,Login usuario que no existe-1,200,OK,CP002b 1-129,text,true,,6198,142,4,4,http://localhost:8080/twitter-clone/index.php,4,1,0,0,0
1684719179892,12,Login usuario que no existe,200,OK,CP002b 1-130,text,true,,6645,755,3,3,http://localhost:8080/twitter-clone/index.php,8,1,0,0,1
1684719179892,8,Login usuario que no existe-0,302,Found,CP002b 1-130,text,true,,447,613,3,3,http://localhost:8080/twitter-clone/handle/handlelogin.php,8,1,0,0,1
1684719179901,3,Login usuario que no existe-1,200,OK,CP002b 1-130,text,true,,6198,142,3,3,http://localhost:8080/twitter-clone/index.php,3,1,0,0,0
1684719179896,13,Login usuario que no existe,200,OK,CP002b 1-132,text,true,,6645,740,3,3,http://localhost:8080/twitter-clone/index.php,9,1,0,0,1
1684719179896,9,Login usuario que no existe-0,302,Found,CP002b 1-132,text,true,,447,598,3,3,http://localhost:8080/twitter-clone/handle/handlelogin.php,9,1,0,0,1
1684719179905,4,Login usuario que no existe-1,200,OK,CP002b 1-132,text,true,,6198,142,3,3,http://localhost:8080/twitter-clone/index.php,4,1,0,0,0
1684719179897,12,Login usuario que no existe,200,OK,CP002b 1-131,text,true,,6645,765,2,2,http://localhost:8080/twitter-clone/index.php,8,1,0,0,1
1684719179897,8,Login usuario que no existe-0,302,Found,CP002b 1-131,text,true,,447,623,2,2,http://localhost:8080/twitter-clone/handle/handlelogin.php,8,1,0,0,1
1684719179905,4,Login usuario que no existe-1,200,OK,CP002b 1-131,text,true,,6198,142,2,2,http://localhost:8080/twitter-clone/index.php,4,1,0,0,0
1684719179907,12,Login usuario que no existe,200,OK,CP002b 1-133,text,true,,6645,780,3,3,http://localhost:8080/twitter-clone/index.php,9,1,0,0,1
1684719179907,9,Login usuario que no existe-0,302,Found,CP002b 1-133,text,true,,447,638,3,3,http://localhost:8080/twitter-clone/handle/handlelogin.php,9,1,0,0,1
1684719179916,3,Login usuario que no existe-1,200,OK,CP002b 1-133,text,true,,6198,142,3,3,http://localhost:8080/twitter-clone/index.php,3,1,0,0,0
1684719179910,11,Login usuario que no existe,200,OK,CP002b 1-135,text,true,,6645,780,2,2,http://localhost:8080/twitter-clone/index.php,8,1,0,0,1
1684719179910,8,Login usuario que no existe-0,302,Found,CP002b 1-135,text,true,,447,638,2,2,http://localhost:8080/twitter-clone/handle/handlelogin.php,8,1,0,0,1
1684719179918,3,Login usuario que no existe-1,200,OK,CP002b 1-135,text,true,,6198,142,2,2,http://localhost:8080/twitter-clone/index.php,3,1,0,0,0
1684719179912,12,Login usuario que no existe,200,OK,CP002b 1-134,text,true,,6645,730,2,2,http://localhost:8080/twitter-clone/index.php,8,1,0,0,1
1684719179912,8,Login usuario que no existe-0,302,Found,CP002b 1-134,text,true,,447,588,2,2,http://localhost:8080/twitter-clone/handle/handlelogin.php,8,1,0,0,1
1684719179920,4,Login usuario que no existe-1,200,OK,CP002b 1-134,text,true,,6198,142,2,2,http://localhost:8080/twitter-clone/index.php,4,1,0,0,0
1684719179922,10,Login usuario que no existe,200,OK,CP002b 1-136,text,true,,6645,780,3,3,http://localhost:8080/twitter-clone/index.php,7,1,0,0,1
1684719179922,7,Login usuario que no existe-0,302,Found,CP002b 1-136,text,true,,447,638,3,3,http://localhost:8080/twitter-clone/handle/handlelogin.php,7,1,0,0,1
1684719179929,3,Login usuario que no existe-1,200,OK,CP002b 1-136,text,true,,6198,142,3,3,http://localhost:8080/twitter-clone/index.php,3,1,0,0,0
1684719179927,12,Login usuario que no existe,200,OK,CP002b 1-137,text,true,,6645,730,3,3,http://localhost:8080/twitter-clone/index.php,8,1,0,0,1
1684719179927,8,Login usuario que no existe-0,302,Found,CP002b 1-137,text,true,,447,588,3,3,http://localhost:8080/twitter-clone/handle/handlelogin.php,8,1,0,0,1
1684719179935,4,Login usuario que no existe-1,200,OK,CP002b 1-137,text,true,,6198,142,3,3,http://localhost:8080/twitter-clone/index.php,4,1,0,0,0
1684719179932,12,Login usuario que no existe,200,OK,CP002b 1-138,text,true,,6645,740,3,3,http://localhost:8080/twitter-clone/index.php,8,1,0,0,1
1684719179932,8,Login usuario que no existe-0,302,Found,CP002b 1-138,text,true,,447,598,3,3,http://localhost:8080/twitter-clone/handle/handlelogin.php,8,1,0,0,1
1684719179940,4,Login usuario que no existe-1,200,OK,CP002b 1-138,text,true,,6198,142,3,3,http://localhost:8080/twitter-clone/index.php,4,1,0,0,0
1684719179937,12,Login usuario que no existe,200,OK,CP002b 1-139,text,true,,6645,750,3,3,http://localhost:8080/twitter-clone/index.php,8,1,0,0,1
1684719179937,8,Login usuario que no existe-0,302,Found,CP002b 1-139,text,true,,447,608,3,3,http://localhost:8080/twitter-clone/handle/handlelogin.php,8,1,0,0,1
1684719179945,4,Login usuario que no existe-1,200,OK,CP002b 1-139,text,true,,6198,142,3,3,http://localhost:8080/twitter-clone/index.php,4,1,0,0,0
1684719179941,12,Login usuario que no existe,200,OK,CP002b 1-140,text,true,,6645,750,3,3,http://localhost:8080/twitter-clone/index.php,8,1,0,0,1
1684719179941,8,Login usuario que no existe-0,302,Found,CP002b 1-140,text,true,,447,608,3,3,http://localhost:8080/twitter-clone/handle/handlelogin.php,8,1,0,0,1
1684719179950,3,Login usuario que no existe-1,200,OK,CP002b 1-140,text,true,,6198,142,3,3,http://localhost:8080/twitter-clone/index.php,3,1,0,0,0
1684719179947,12,Login usuario que no existe,200,OK,CP002b 1-141,text,true,,6645,765,3,3,http://localhost:8080/twitter-clone/index.php,8,1,0,0,1
1684719179947,8,Login usuario que no existe-0,302,Found,CP002b 1-141,text,true,,447,623,3,3,http://localhost:8080/twitter-clone/handle/handlelogin.php,8,1,0,0,1
1684719179955,4,Login usuario que no existe-1,200,OK,CP002b 1-141,text,true,,6198,142,3,3,http://localhost:8080/twitter-clone/index.php,4,1,0,0,0
1684719179951,11,Login usuario que no existe,200,OK,CP002b 1-142,text,true,,6645,745,3,3,http://localhost:8080/twitter-clone/index.php,7,1,0,0,1
1684719179951,7,Login usuario que no existe-0,302,Found,CP002b 1-142,text,true,,447,603,3,3,http://localhost:8080/twitter-clone/handle/handlelogin.php,7,1,0,0,1
1684719179958,4,Login usuario que no existe-1,200,OK,CP002b 1-142,text,true,,6198,142,3,3,http://localhost:8080/twitter-clone/index.php,4,1,0,0,0
1684719179957,12,Login usuario que no existe,200,OK,CP002b 1-143,text,true,,6645,755,3,3,http://localhost:8080/twitter-clone/index.php,9,1,0,0,1
1684719179957,9,Login usuario que no existe-0,302,Found,CP002b 1-143,text,true,,447,613,3,3,http://localhost:8080/twitter-clone/handle/handlelogin.php,9,1,0,0,1
1684719179966,3,Login usuario que no existe-1,200,OK,CP002b 1-143,text,true,,6198,142,3,3,http://localhost:8080/twitter-clone/index.php,3,1,0,0,0
1684719179962,12,Login usuario que no existe,200,OK,CP002b 1-144,text,true,,6645,740,3,3,http://localhost:8080/twitter-clone/index.php,8,1,0,0,1
1684719179962,8,Login usuario que no existe-0,302,Found,CP002b 1-144,text,true,,447,598,3,3,http://localhost:8080/twitter-clone/handle/handlelogin.php,8,1,0,0,1
1684719179970,4,Login usuario que no existe-1,200,OK,CP002b 1-144,text,true,,6198,142,3,3,http://localhost:8080/twitter-clone/index.php,4,1,0,0,0
1684719179967,12,Login usuario que no existe,200,OK,CP002b 1-145,text,true,,6645,740,3,3,http://localhost:8080/twitter-clone/index.php,8,1,0,0,1
1684719179967,8,Login usuario que no existe-0,302,Found,CP002b 1-145,text,true,,447,598,3,3,http://localhost:8080/twitter-clone/handle/handlelogin.php,8,1,0,0,1
1684719179975,4,Login usuario que no existe-1,200,OK,CP002b 1-145,text,true,,6198,142,3,3,http://localhost:8080/twitter-clone/index.php,4,1,0,0,0
1684719179972,12,Login usuario que no existe,200,OK,CP002b 1-146,text,true,,6645,760,3,3,http://localhost:8080/twitter-clone/index.php,8,1,0,0,1
1684719179972,8,Login usuario que no existe-0,302,Found,CP002b 1-146,text,true,,447,618,3,3,http://localhost:8080/twitter-clone/handle/handlelogin.php,8,1,0,0,1
1684719179980,4,Login usuario que no existe-1,200,OK,CP002b 1-146,text,true,,6198,142,3,3,http://localhost:8080/twitter-clone/index.php,4,1,0,0,0
1684719179976,11,Login usuario que no existe,200,OK,CP002b 1-147,text,true,,6645,780,3,3,http://localhost:8080/twitter-clone/index.php,8,1,0,0,1
1684719179976,8,Login usuario que no existe-0,302,Found,CP002b 1-147,text,true,,447,638,3,3,http://localhost:8080/twitter-clone/handle/handlelogin.php,8,1,0,0,1
1684719179984,3,Login usuario que no existe-1,200,OK,CP002b 1-147,text,true,,6198,142,3,3,http://localhost:8080/twitter-clone/index.php,3,1,0,0,0
1684719179981,12,Login usuario que no existe,200,OK,CP002b 1-148,text,true,,6645,780,4,4,http://localhost:8080/twitter-clone/index.php,8,1,0,0,1
1684719179981,8,Login usuario que no existe-0,302,Found,CP002b 1-148,text,true,,447,638,4,4,http://localhost:8080/twitter-clone/handle/handlelogin.php,8,1,0,0,1
1684719179989,4,Login usuario que no existe-1,200,OK,CP002b 1-148,text,true,,6198,142,4,4,http://localhost:8080/twitter-clone/index.php,4,1,0,0,0
1684719179987,12,Login usuario que no existe,200,OK,CP002b 1-149,text,true,,6645,760,3,3,http://localhost:8080/twitter-clone/index.php,8,1,0,0,1
1684719179987,8,Login usuario que no existe-0,302,Found,CP002b 1-149,text,true,,447,618,3,3,http://localhost:8080/twitter-clone/handle/handlelogin.php,8,1,0,0,1
1684719179995,4,Login usuario que no existe-1,200,OK,CP002b 1-149,text,true,,6198,142,3,3,http://localhost:8080/twitter-clone/index.php,4,1,0,0,0
1684719179990,14,Login usuario que no existe,200,OK,CP002b 1-151,text,true,,6645,755,4,4,http://localhost:8080/twitter-clone/index.php,10,1,0,0,1
1684719179990,10,Login usuario que no existe-0,302,Found,CP002b 1-151,text,true,,447,613,4,4,http://localhost:8080/twitter-clone/handle/handlelogin.php,10,1,0,0,1
1684719180000,4,Login usuario que no existe-1,200,OK,CP002b 1-151,text,true,,6198,142,4,4,http://localhost:8080/twitter-clone/index.php,4,1,0,0,0
1684719179991,13,Login usuario que no existe,200,OK,CP002b 1-150,text,true,,6645,745,4,4,http://localhost:8080/twitter-clone/index.php,9,1,0,0,1
1684719179991,9,Login usuario que no existe-0,302,Found,CP002b 1-150,text,true,,447,603,4,4,http://localhost:8080/twitter-clone/handle/handlelogin.php,9,1,0,0,1
1684719180000,4,Login usuario que no existe-1,200,OK,CP002b 1-150,text,true,,6198,142,4,4,http://localhost:8080/twitter-clone/index.php,4,1,0,0,0
1684719180000,13,Login usuario que no existe,200,OK,CP002b 1-153,text,true,,6645,770,2,2,http://localhost:8080/twitter-clone/index.php,9,1,0,0,1
1684719180000,9,Login usuario que no existe-0,302,Found,CP002b 1-153,text,true,,447,628,2,2,http://localhost:8080/twitter-clone/handle/handlelogin.php,9,1,0,0,1
1684719180009,4,Login usuario que no existe-1,200,OK,CP002b 1-153,text,true,,6198,142,2,2,http://localhost:8080/twitter-clone/index.php,4,1,0,0,0
1684719180001,13,Login usuario que no existe,200,OK,CP002b 1-152,text,true,,6645,765,1,1,http://localhost:8080/twitter-clone/index.php,9,1,0,0,1
1684719180001,9,Login usuario que no existe-0,302,Found,CP002b 1-152,text,true,,447,623,1,1,http://localhost:8080/twitter-clone/handle/handlelogin.php,9,1,0,0,1
1684719180010,4,Login usuario que no existe-1,200,OK,CP002b 1-152,text,true,,6198,142,1,1,http://localhost:8080/twitter-clone/index.php,4,1,0,0,0
1684719180018,10,Login usuario que no existe,200,OK,CP002b 1-154,text,true,,6645,770,2,2,http://localhost:8080/twitter-clone/index.php,6,1,0,0,1
1684719180018,6,Login usuario que no existe-0,302,Found,CP002b 1-154,text,true,,447,628,2,2,http://localhost:8080/twitter-clone/handle/handlelogin.php,6,1,0,0,1
1684719180024,4,Login usuario que no existe-1,200,OK,CP002b 1-154,text,true,,6198,142,2,2,http://localhost:8080/twitter-clone/index.php,4,1,0,0,0
1684719180024,11,Login usuario que no existe,200,OK,CP002b 1-155,text,true,,6645,745,3,3,http://localhost:8080/twitter-clone/index.php,7,1,0,0,1
1684719180024,7,Login usuario que no existe-0,302,Found,CP002b 1-155,text,true,,447,603,3,3,http://localhost:8080/twitter-clone/handle/handlelogin.php,7,1,0,0,1
1684719180031,4,Login usuario que no existe-1,200,OK,CP002b 1-155,text,true,,6198,142,3,3,http://localhost:8080/twitter-clone/index.php,4,1,0,0,0
1684719180028,11,Login usuario que no existe,200,OK,CP002b 1-156,text,true,,6645,735,3,3,http://localhost:8080/twitter-clone/index.php,7,1,0,0,1
1684719180028,7,Login usuario que no existe-0,302,Found,CP002b 1-156,text,true,,447,593,3,3,http://localhost:8080/twitter-clone/handle/handlelogin.php,7,1,0,0,1
1684719180035,4,Login usuario que no existe-1,200,OK,CP002b 1-156,text,true,,6198,142,3,3,http://localhost:8080/twitter-clone/index.php,4,1,0,0,0
1684719180034,12,Login usuario que no existe,200,OK,CP002b 1-157,text,true,,6645,775,3,3,http://localhost:8080/twitter-clone/index.php,8,1,0,0,1
1684719180034,8,Login usuario que no existe-0,302,Found,CP002b 1-157,text,true,,447,633,3,3,http://localhost:8080/twitter-clone/handle/handlelogin.php,8,1,0,0,1
1684719180042,4,Login usuario que no existe-1,200,OK,CP002b 1-157,text,true,,6198,142,3,3,http://localhost:8080/twitter-clone/index.php,4,1,0,0,0
1684719180039,11,Login usuario que no existe,200,OK,CP002b 1-158,text,true,,6645,740,3,3,http://localhost:8080/twitter-clone/index.php,8,1,0,0,1
1684719180039,8,Login usuario que no existe-0,302,Found,CP002b 1-158,text,true,,447,598,3,3,http://localhost:8080/twitter-clone/handle/handlelogin.php,8,1,0,0,1
1684719180047,3,Login usuario que no existe-1,200,OK,CP002b 1-158,text,true,,6198,142,3,3,http://localhost:8080/twitter-clone/index.php,3,1,0,0,0
1684719180043,12,Login usuario que no existe,200,OK,CP002b 1-159,text,true,,6645,765,3,3,http://localhost:8080/twitter-clone/index.php,8,1,0,0,1
1684719180043,8,Login usuario que no existe-0,302,Found,CP002b 1-159,text,true,,447,623,3,3,http://localhost:8080/twitter-clone/handle/handlelogin.php,8,1,0,0,1
1684719180051,4,Login usuario que no existe-1,200,OK,CP002b 1-159,text,true,,6198,142,3,3,http://localhost:8080/twitter-clone/index.php,4,1,0,0,0
1684719180244,11,Login usuario que no existe,200,OK,CP002b 1-200,text,true,,6645,760,41,41,http://localhost:8080/twitter-clone/index.php,8,1,0,0,1
1684719180244,8,Login usuario que no existe-0,302,Found,CP002b 1-200,text,true,,447,618,41,41,http://localhost:8080/twitter-clone/handle/handlelogin.php,8,1,0,0,1
1684719180252,3,Login usuario que no existe-1,200,OK,CP002b 1-200,text,true,,6198,142,41,41,http://localhost:8080/twitter-clone/index.php,3,1,0,0,0
1684719180238,12,Login usuario que no existe,200,OK,CP002b 1-199,text,true,,6645,735,41,41,http://localhost:8080/twitter-clone/index.php,9,1,0,0,1
1684719180238,9,Login usuario que no existe-0,302,Found,CP002b 1-199,text,true,,447,593,41,41,http://localhost:8080/twitter-clone/handle/handlelogin.php,9,1,0,0,1
1684719180247,3,Login usuario que no existe-1,200,OK,CP002b 1-199,text,true,,6198,142,41,41,http://localhost:8080/twitter-clone/index.php,3,1,0,0,0
1684719180233,13,Login usuario que no existe,200,OK,CP002b 1-198,text,true,,6645,755,41,41,http://localhost:8080/twitter-clone/index.php,9,1,0,0,1
1684719180233,9,Login usuario que no existe-0,302,Found,CP002b 1-198,text,true,,447,613,41,41,http://localhost:8080/twitter-clone/handle/handlelogin.php,9,1,0,0,1
1684719180242,4,Login usuario que no existe-1,200,OK,CP002b 1-198,text,true,,6198,142,41,41,http://localhost:8080/twitter-clone/index.php,4,1,0,0,0
1684719180204,13,Login usuario que no existe,200,OK,CP002b 1-192,text,true,,6645,730,35,35,http://localhost:8080/twitter-clone/index.php,9,1,0,0,1
1684719180204,9,Login usuario que no existe-0,302,Found,CP002b 1-192,text,true,,447,588,35,35,http://localhost:8080/twitter-clone/handle/handlelogin.php,9,1,0,0,1
1684719180199,13,Login usuario que no existe,200,OK,CP002b 1-191,text,true,,6645,740,34,34,http://localhost:8080/twitter-clone/index.php,9,1,0,0,1
1684719180213,4,Login usuario que no existe-1,200,OK,CP002b 1-192,text,true,,6198,142,35,35,http://localhost:8080/twitter-clone/index.php,4,1,0,0,0
1684719180199,9,Login usuario que no existe-0,302,Found,CP002b 1-191,text,true,,447,598,34,34,http://localhost:8080/twitter-clone/handle/handlelogin.php,9,1,0,0,1
1684719180208,4,Login usuario que no existe-1,200,OK,CP002b 1-191,text,true,,6198,142,34,34,http://localhost:8080/twitter-clone/index.php,4,1,0,0,0
1684719180209,13,Login usuario que no existe,200,OK,CP002b 1-193,text,true,,6645,765,36,36,http://localhost:8080/twitter-clone/index.php,9,1,0,0,1
1684719180209,9,Login usuario que no existe-0,302,Found,CP002b 1-193,text,true,,447,623,36,36,http://localhost:8080/twitter-clone/handle/handlelogin.php,9,1,0,0,1
1684719180218,4,Login usuario que no existe-1,200,OK,CP002b 1-193,text,true,,6198,142,36,36,http://localhost:8080/twitter-clone/index.php,4,1,0,0,0
1684719180195,13,Login usuario que no existe,200,OK,CP002b 1-190,text,true,,6645,740,33,33,http://localhost:8080/twitter-clone/index.php,9,1,0,0,1
1684719180195,9,Login usuario que no existe-0,302,Found,CP002b 1-190,text,true,,447,598,33,33,http://localhost:8080/twitter-clone/handle/handlelogin.php,9,1,0,0,1
1684719180204,4,Login usuario que no existe-1,200,OK,CP002b 1-190,text,true,,6198,142,33,33,http://localhost:8080/twitter-clone/index.php,4,1,0,0,0
1684719180214,13,Login usuario que no existe,200,OK,CP002b 1-194,text,true,,6645,765,37,37,http://localhost:8080/twitter-clone/index.php,9,1,0,0,1
1684719180214,9,Login usuario que no existe-0,302,Found,CP002b 1-194,text,true,,447,623,37,37,http://localhost:8080/twitter-clone/handle/handlelogin.php,9,1,0,0,1
1684719180218,13,Login usuario que no existe,200,OK,CP002b 1-195,text,true,,6645,780,38,38,http://localhost:8080/twitter-clone/index.php,9,1,0,0,1
1684719180223,4,Login usuario que no existe-1,200,OK,CP002b 1-194,text,true,,6198,142,37,37,http://localhost:8080/twitter-clone/index.php,4,1,0,0,0
1684719180190,13,Login usuario que no existe,200,OK,CP002b 1-189,text,true,,6645,750,32,32,http://localhost:8080/twitter-clone/index.php,9,1,0,0,1
1684719180218,9,Login usuario que no existe-0,302,Found,CP002b 1-195,text,true,,447,638,38,38,http://localhost:8080/twitter-clone/handle/handlelogin.php,9,1,0,0,1
1684719180190,9,Login usuario que no existe-0,302,Found,CP002b 1-189,text,true,,447,608,32,32,http://localhost:8080/twitter-clone/handle/handlelogin.php,9,1,0,0,1
1684719180227,4,Login usuario que no existe-1,200,OK,CP002b 1-195,text,true,,6198,142,38,38,http://localhost:8080/twitter-clone/index.php,4,1,0,0,0
1684719180199,4,Login usuario que no existe-1,200,OK,CP002b 1-189,text,true,,6198,142,32,32,http://localhost:8080/twitter-clone/index.php,4,1,0,0,0
1684719180184,13,Login usuario que no existe,200,OK,CP002b 1-188,text,true,,6645,745,31,31,http://localhost:8080/twitter-clone/index.php,9,1,0,0,1
1684719180184,9,Login usuario que no existe-0,302,Found,CP002b 1-188,text,true,,447,603,31,31,http://localhost:8080/twitter-clone/handle/handlelogin.php,9,1,0,0,1
1684719180193,4,Login usuario que no existe-1,200,OK,CP002b 1-188,text,true,,6198,142,31,31,http://localhost:8080/twitter-clone/index.php,4,1,0,0,0
1684719180223,13,Login usuario que no existe,200,OK,CP002b 1-196,text,true,,6645,745,39,39,http://localhost:8080/twitter-clone/index.php,9,1,0,0,1
1684719180228,13,Login usuario que no existe,200,OK,CP002b 1-197,text,true,,6645,735,40,40,http://localhost:8080/twitter-clone/index.php,9,1,0,0,1
1684719180223,9,Login usuario que no existe-0,302,Found,CP002b 1-196,text,true,,447,603,39,39,http://localhost:8080/twitter-clone/handle/handlelogin.php,9,1,0,0,1
1684719180180,13,Login usuario que no existe,200,OK,CP002b 1-187,text,true,,6645,745,30,30,http://localhost:8080/twitter-clone/index.php,9,1,0,0,1
1684719180232,4,Login usuario que no existe-1,200,OK,CP002b 1-196,text,true,,6198,142,39,39,http://localhost:8080/twitter-clone/index.php,4,1,0,0,0
1684719180228,9,Login usuario que no existe-0,302,Found,CP002b 1-197,text,true,,447,593,40,40,http://localhost:8080/twitter-clone/handle/handlelogin.php,9,1,0,0,1
1684719180180,9,Login usuario que no existe-0,302,Found,CP002b 1-187,text,true,,447,603,30,30,http://localhost:8080/twitter-clone/handle/handlelogin.php,9,1,0,0,1
1684719180237,4,Login usuario que no existe-1,200,OK,CP002b 1-197,text,true,,6198,142,40,40,http://localhost:8080/twitter-clone/index.php,4,1,0,0,0
1684719180189,4,Login usuario que no existe-1,200,OK,CP002b 1-187,text,true,,6198,142,30,30,http://localhost:8080/twitter-clone/index.php,4,1,0,0,0
1684719180175,13,Login usuario que no existe,200,OK,CP002b 1-186,text,true,,6645,770,29,29,http://localhost:8080/twitter-clone/index.php,9,1,0,0,1
1684719180175,9,Login usuario que no existe-0,302,Found,CP002b 1-186,text,true,,447,628,29,29,http://localhost:8080/twitter-clone/handle/handlelogin.php,9,1,0,0,1
1684719180184,4,Login usuario que no existe-1,200,OK,CP002b 1-186,text,true,,6198,142,29,29,http://localhost:8080/twitter-clone/index.php,4,1,0,0,0
1684719180165,12,Login usuario que no existe,200,OK,CP002b 1-184,text,true,,6645,770,27,27,http://localhost:8080/twitter-clone/index.php,7,1,0,0,1
1684719180165,7,Login usuario que no existe-0,302,Found,CP002b 1-184,text,true,,447,628,27,27,http://localhost:8080/twitter-clone/handle/handlelogin.php,7,1,0,0,1
1684719180172,5,Login usuario que no existe-1,200,OK,CP002b 1-184,text,true,,6198,142,27,27,http://localhost:8080/twitter-clone/index.php,5,1,0,0,0
1684719180159,12,Login usuario que no existe,200,OK,CP002b 1-183,text,true,,6645,770,26,26,http://localhost:8080/twitter-clone/index.php,9,1,0,0,1
1684719180159,9,Login usuario que no existe-0,302,Found,CP002b 1-183,text,true,,447,628,26,26,http://localhost:8080/twitter-clone/handle/handlelogin.php,9,1,0,0,1
1684719180168,3,Login usuario que no existe-1,200,OK,CP002b 1-183,text,true,,6198,142,26,26,http://localhost:8080/twitter-clone/index.php,3,1,0,0,0
1684719180156,13,Login usuario que no existe,200,OK,CP002b 1-182,text,true,,6645,730,25,25,http://localhost:8080/twitter-clone/index.php,9,1,0,0,1
1684719180156,9,Login usuario que no existe-0,302,Found,CP002b 1-182,text,true,,447,588,25,25,http://localhost:8080/twitter-clone/handle/handlelogin.php,9,1,0,0,1
1684719180165,4,Login usuario que no existe-1,200,OK,CP002b 1-182,text,true,,6198,142,25,25,http://localhost:8080/twitter-clone/index.php,4,1,0,0,0
1684719180146,21,Login usuario que no existe,200,OK,CP002b 1-180,text,true,,6645,780,25,25,http://localhost:8080/twitter-clone/index.php,17,1,0,0,1
1684719180146,17,Login usuario que no existe-0,302,Found,CP002b 1-180,text,true,,447,638,25,25,http://localhost:8080/twitter-clone/handle/handlelogin.php,17,1,0,0,1
1684719180163,4,Login usuario que no existe-1,200,OK,CP002b 1-180,text,true,,6198,142,25,25,http://localhost:8080/twitter-clone/index.php,4,1,0,0,0
1684719180150,17,Login usuario que no existe,200,OK,CP002b 1-181,text,true,,6645,780,25,25,http://localhost:8080/twitter-clone/index.php,13,1,0,0,1
1684719180150,13,Login usuario que no existe-0,302,Found,CP002b 1-181,text,true,,447,638,25,25,http://localhost:8080/twitter-clone/handle/handlelogin.php,13,1,0,0,1
1684719180163,4,Login usuario que no existe-1,200,OK,CP002b 1-181,text,true,,6198,142,25,25,http://localhost:8080/twitter-clone/index.php,4,1,0,0,0
1684719180141,20,Login usuario que no existe,200,OK,CP002b 1-179,text,true,,6645,780,24,24,http://localhost:8080/twitter-clone/index.php,16,1,0,0,1
1684719180141,16,Login usuario que no existe-0,302,Found,CP002b 1-179,text,true,,447,638,24,24,http://localhost:8080/twitter-clone/handle/handlelogin.php,16,1,0,0,1
1684719180131,10,Login usuario que no existe,200,OK,CP002b 1-177,text,true,,6645,755,20,20,http://localhost:8080/twitter-clone/index.php,7,1,0,0,1
1684719180157,4,Login usuario que no existe-1,200,OK,CP002b 1-179,text,true,,6198,142,24,24,http://localhost:8080/twitter-clone/index.php,4,1,0,0,0
1684719180131,7,Login usuario que no existe-0,302,Found,CP002b 1-177,text,true,,447,613,20,20,http://localhost:8080/twitter-clone/handle/handlelogin.php,7,1,0,0,1
1684719180138,3,Login usuario que no existe-1,200,OK,CP002b 1-177,text,true,,6198,142,20,20,http://localhost:8080/twitter-clone/index.php,3,1,0,0,0
1684719180136,23,Login usuario que no existe,200,OK,CP002b 1-178,text,true,,6645,745,24,24,http://localhost:8080/twitter-clone/index.php,8,1,0,0,1
1684719180136,8,Login usuario que no existe-0,302,Found,CP002b 1-178,text,true,,447,603,24,24,http://localhost:8080/twitter-clone/handle/handlelogin.php,8,1,0,0,1
1684719180144,15,Login usuario que no existe-1,200,OK,CP002b 1-178,text,true,,6198,142,24,24,http://localhost:8080/twitter-clone/index.php,15,1,0,0,0
1684719180126,11,Login usuario que no existe,200,OK,CP002b 1-176,text,true,,6645,770,19,19,http://localhost:8080/twitter-clone/index.php,8,1,0,0,1
1684719180126,8,Login usuario que no existe-0,302,Found,CP002b 1-176,text,true,,447,628,19,19,http://localhost:8080/twitter-clone/handle/handlelogin.php,8,1,0,0,1
1684719180134,3,Login usuario que no existe-1,200,OK,CP002b 1-176,text,true,,6198,142,19,19,http://localhost:8080/twitter-clone/index.php,3,1,0,0,0
1684719180121,10,Login usuario que no existe,200,OK,CP002b 1-175,text,true,,6645,775,17,17,http://localhost:8080/twitter-clone/index.php,7,1,0,0,1
1684719180121,7,Login usuario que no existe-0,302,Found,CP002b 1-175,text,true,,447,633,17,17,http://localhost:8080/twitter-clone/handle/handlelogin.php,7,1,0,0,1
1684719180128,3,Login usuario que no existe-1,200,OK,CP002b 1-175,text,true,,6198,142,17,17,http://localhost:8080/twitter-clone/index.php,3,1,0,0,0
1684719180115,11,Login usuario que no existe,200,OK,CP002b 1-174,text,true,,6645,775,17,17,http://localhost:8080/twitter-clone/index.php,8,1,0,0,1
1684719180115,8,Login usuario que no existe-0,302,Found,CP002b 1-174,text,true,,447,633,17,17,http://localhost:8080/twitter-clone/handle/handlelogin.php,8,1,0,0,1
1684719180123,3,Login usuario que no existe-1,200,OK,CP002b 1-174,text,true,,6198,142,17,17,http://localhost:8080/twitter-clone/index.php,3,1,0,0,0
1684719180111,10,Login usuario que no existe,200,OK,CP002b 1-173,text,true,,6645,755,16,16,http://localhost:8080/twitter-clone/index.php,7,1,0,0,1
1684719180111,7,Login usuario que no existe-0,302,Found,CP002b 1-173,text,true,,447,613,16,16,http://localhost:8080/twitter-clone/handle/handlelogin.php,7,1,0,0,1
1684719180118,3,Login usuario que no existe-1,200,OK,CP002b 1-173,text,true,,6198,142,16,16,http://localhost:8080/twitter-clone/index.php,3,1,0,0,0
1684719180106,11,Login usuario que no existe,200,OK,CP002b 1-172,text,true,,6645,735,15,15,http://localhost:8080/twitter-clone/index.php,7,1,0,0,1
1684719180106,7,Login usuario que no existe-0,302,Found,CP002b 1-172,text,true,,447,593,15,15,http://localhost:8080/twitter-clone/handle/handlelogin.php,7,1,0,0,1
1684719180113,4,Login usuario que no existe-1,200,OK,CP002b 1-172,text,true,,6198,142,15,15,http://localhost:8080/twitter-clone/index.php,4,1,0,0,0
1684719180101,10,Login usuario que no existe,200,OK,CP002b 1-171,text,true,,6645,755,14,14,http://localhost:8080/twitter-clone/index.php,7,1,0,0,1
1684719180101,7,Login usuario que no existe-0,302,Found,CP002b 1-171,text,true,,447,613,14,14,http://localhost:8080/twitter-clone/handle/handlelogin.php,7,1,0,0,1
1684719180108,3,Login usuario que no existe-1,200,OK,CP002b 1-171,text,true,,6198,142,14,14,http://localhost:8080/twitter-clone/index.php,3,1,0,0,0
1684719180097,11,Login usuario que no existe,200,OK,CP002b 1-170,text,true,,6645,730,13,13,http://localhost:8080/twitter-clone/index.php,8,1,0,0,1
1684719180097,8,Login usuario que no existe-0,302,Found,CP002b 1-170,text,true,,447,588,13,13,http://localhost:8080/twitter-clone/handle/handlelogin.php,8,1,0,0,1
1684719180105,3,Login usuario que no existe-1,200,OK,CP002b 1-170,text,true,,6198,142,13,13,http://localhost:8080/twitter-clone/index.php,3,1,0,0,0
1684719180092,10,Login usuario que no existe,200,OK,CP002b 1-169,text,true,,6645,780,12,12,http://localhost:8080/twitter-clone/index.php,7,1,0,0,1
1684719180092,7,Login usuario que no existe-0,302,Found,CP002b 1-169,text,true,,447,638,12,12,http://localhost:8080/twitter-clone/handle/handlelogin.php,7,1,0,0,1
1684719180099,3,Login usuario que no existe-1,200,OK,CP002b 1-169,text,true,,6198,142,12,12,http://localhost:8080/twitter-clone/index.php,3,1,0,0,0
1684719180087,9,Login usuario que no existe,200,OK,CP002b 1-168,text,true,,6645,755,10,10,http://localhost:8080/twitter-clone/index.php,6,1,0,0,1
1684719180087,6,Login usuario que no existe-0,302,Found,CP002b 1-168,text,true,,447,613,10,10,http://localhost:8080/twitter-clone/handle/handlelogin.php,6,1,0,0,1
1684719180093,3,Login usuario que no existe-1,200,OK,CP002b 1-168,text,true,,6198,142,10,10,http://localhost:8080/twitter-clone/index.php,3,1,0,0,0
1684719180081,10,Login usuario que no existe,200,OK,CP002b 1-167,text,true,,6645,745,9,9,http://localhost:8080/twitter-clone/index.php,7,1,0,0,1
1684719180081,7,Login usuario que no existe-0,302,Found,CP002b 1-167,text,true,,447,603,9,9,http://localhost:8080/twitter-clone/handle/handlelogin.php,7,1,0,0,1
1684719180088,3,Login usuario que no existe-1,200,OK,CP002b 1-167,text,true,,6198,142,9,9,http://localhost:8080/twitter-clone/index.php,3,1,0,0,0
1684719180077,10,Login usuario que no existe,200,OK,CP002b 1-166,text,true,,6645,780,9,9,http://localhost:8080/twitter-clone/index.php,7,1,0,0,1
1684719180077,7,Login usuario que no existe-0,302,Found,CP002b 1-166,text,true,,447,638,9,9,http://localhost:8080/twitter-clone/handle/handlelogin.php,7,1,0,0,1
1684719180084,3,Login usuario que no existe-1,200,OK,CP002b 1-166,text,true,,6198,142,9,9,http://localhost:8080/twitter-clone/index.php,3,1,0,0,0
1684719180073,11,Login usuario que no existe,200,OK,CP002b 1-165,text,true,,6645,760,8,8,http://localhost:8080/twitter-clone/index.php,8,1,0,0,1
1684719180073,8,Login usuario que no existe-0,302,Found,CP002b 1-165,text,true,,447,618,8,8,http://localhost:8080/twitter-clone/handle/handlelogin.php,8,1,0,0,1
1684719180081,3,Login usuario que no existe-1,200,OK,CP002b 1-165,text,true,,6198,142,8,8,http://localhost:8080/twitter-clone/index.php,3,1,0,0,0
1684719180068,11,Login usuario que no existe,200,OK,CP002b 1-164,text,true,,6645,740,7,7,http://localhost:8080/twitter-clone/index.php,7,1,0,0,1
1684719180068,7,Login usuario que no existe-0,302,Found,CP002b 1-164,text,true,,447,598,7,7,http://localhost:8080/twitter-clone/handle/handlelogin.php,7,1,0,0,1
1684719180075,4,Login usuario que no existe-1,200,OK,CP002b 1-164,text,true,,6198,142,7,7,http://localhost:8080/twitter-clone/index.php,4,1,0,0,0
1684719180063,11,Login usuario que no existe,200,OK,CP002b 1-163,text,true,,6645,755,6,6,http://localhost:8080/twitter-clone/index.php,8,1,0,0,1
1684719180063,8,Login usuario que no existe-0,302,Found,CP002b 1-163,text,true,,447,613,6,6,http://localhost:8080/twitter-clone/handle/handlelogin.php,8,1,0,0,1
1684719180071,3,Login usuario que no existe-1,200,OK,CP002b 1-163,text,true,,6198,142,6,6,http://localhost:8080/twitter-clone/index.php,3,1,0,0,0
1684719180058,12,Login usuario que no existe,200,OK,CP002b 1-162,text,true,,6645,770,5,5,http://localhost:8080/twitter-clone/index.php,8,1,0,0,1
1684719180058,8,Login usuario que no existe-0,302,Found,CP002b 1-162,text,true,,447,628,5,5,http://localhost:8080/twitter-clone/handle/handlelogin.php,8,1,0,0,1
1684719180066,4,Login usuario que no existe-1,200,OK,CP002b 1-162,text,true,,6198,142,5,5,http://localhost:8080/twitter-clone/index.php,4,1,0,0,0
1684719180053,11,Login usuario que no existe,200,OK,CP002b 1-161,text,true,,6645,750,4,4,http://localhost:8080/twitter-clone/index.php,8,1,0,0,1
1684719180053,8,Login usuario que no existe-0,302,Found,CP002b 1-161,text,true,,447,608,4,4,http://localhost:8080/twitter-clone/handle/handlelogin.php,8,1,0,0,1
1684719180061,3,Login usuario que no existe-1,200,OK,CP002b 1-161,text,true,,6198,142,4,4,http://localhost:8080/twitter-clone/index.php,3,1,0,0,0
1684719180048,12,Login usuario que no existe,200,OK,CP002b 1-160,text,true,,6645,735,3,3,http://localhost:8080/twitter-clone/index.php,8,1,0,0,1
1684719180048,8,Login usuario que no existe-0,302,Found,CP002b 1-160,text,true,,447,593,3,3,http://localhost:8080/twitter-clone/handle/handlelogin.php,8,1,0,0,1
1684719180056,4,Login usuario que no existe-1,200,OK,CP002b 1-160,text,true,,6198,142,3,3,http://localhost:8080/twitter-clone/index.php,4,1,0,0,0
1684719180170,623,Login usuario que no existe,200,OK,CP002b 1-185,text,true,,6645,755,1,1,http://localhost:8080/twitter-clone/index.php,620,1,0,0,1
1684719180170,620,Login usuario que no existe-0,302,Found,CP002b 1-185,text,true,,447,613,1,1,http://localhost:8080/twitter-clone/handle/handlelogin.php,620,1,0,0,1
1684719180790,3,Login usuario que no existe-1,200,OK,CP002b 1-185,text,true,,6198,142,1,1,http://localhost:8080/twitter-clone/index.php,3,1,0,0,0
